-- Generation time: Wed, 19 May 2021 10:14:20 +0500
-- Host: localhost
-- DB name: mpolnetwork
/*!40030 SET NAMES UTF8 */;

DROP TABLE IF EXISTS `accounttype`;
CREATE TABLE `accounttype` (
  `accounttypeid` int(11) NOT NULL AUTO_INCREMENT,
  `accountdescription` varchar(255) DEFAULT NULL,
  `act_nature` varchar(5) DEFAULT NULL,
  `trialbaltype` varchar(10) DEFAULT NULL,
  `trial_order` int(11) DEFAULT NULL,
  `trial150` char(1) DEFAULT NULL,
  PRIMARY KEY (`accounttypeid`)
) ENGINE=InnoDB AUTO_INCREMENT=23 DEFAULT CHARSET=latin1 COMMENT='TRIAL';

INSERT INTO `accounttype` VALUES ('1','Supplier','Cr','BS','1','T'),
('2','Customer','Dr','BS','2','T'),
('3','Expenses','Dr','IS','3','T'),
('5','Bank','Dr','BS','5','T'),
('6','Income','Cr','IS','6','T'),
('7','Cash','Dr','BS','7','T'),
('8','Employees','Dr','BS','8','T'),
('9','Purchase  Item','Dr','IS','9','T'),
('10','Sale Item','Cr','IS','10','T'),
('11','Capital','Cr','BS','11','T'),
('12','Assets','Dr','BS','12','T'),
('13','Account Payable','Cr','BS','13','T'),
('14','Account Receivable','Dr','BS','14','T'),
('17','BOOKING MAN','Dr','BS','15','T'),
('18','Khata','Dr','BS','16','T'),
('20','Stop odhar','Dr','BS','17','T'),
('21','Personal','Dr','BS','18','T'),
('22','Gari','Dr','BS','19','T'); 


DROP TABLE IF EXISTS `address_book`;
CREATE TABLE `address_book` (
  `id` int(11) NOT NULL AUTO_INCREMENT,
  `farm_name` varchar(255) DEFAULT NULL,
  `owner` varchar(255) DEFAULT NULL,
  `partner` longtext,
  `address` varchar(255) DEFAULT NULL,
  `accountno` varchar(255) DEFAULT NULL,
  `area` varchar(255) DEFAULT NULL,
  `listtype` varchar(255) DEFAULT NULL,
  `trial150` char(1) DEFAULT NULL,
  PRIMARY KEY (`id`),
  KEY `idx_id` (`id`)
) ENGINE=InnoDB AUTO_INCREMENT=4 DEFAULT CHARSET=latin1 COMMENT='TRIAL';

INSERT INTO `address_book` VALUES ('3','Muhmmad','Hassan',NULL,NULL,NULL,NULL,NULL,'T'); 


DROP TABLE IF EXISTS `arealist`;
CREATE TABLE `arealist` (
  `areaid` int(11) NOT NULL AUTO_INCREMENT,
  `areaname` varchar(255) CHARACTER SET latin1 NOT NULL,
  `medicalrep` varchar(255) CHARACTER SET latin1 DEFAULT NULL,
  `remarks` varchar(255) CHARACTER SET latin1 DEFAULT NULL,
  `trial154` char(1) CHARACTER SET latin1 DEFAULT NULL,
  PRIMARY KEY (`areaid`,`areaname`),
  KEY `_b48dddc6-2508-4ac2-8bce-2ea7c3ccdd5b_` (`medicalrep`),
  KEY `idx_areaid` (`areaid`)
) ENGINE=InnoDB AUTO_INCREMENT=4 DEFAULT CHARSET=utf32 COMMENT='TRIAL';

INSERT INTO `arealist` VALUES ('1','Adda Sheikhan Road',NULL,NULL,'T'),
('2','شاہ نکڈر روڈ',NULL,NULL,NULL),
('3','سلاںوالی',NULL,NULL,NULL); 


DROP TABLE IF EXISTS `fa4_7_0`;
CREATE TABLE `fa4_7_0` (
  `id` int(10) NOT NULL AUTO_INCREMENT,
  `icon` varchar(255) NOT NULL,
  PRIMARY KEY (`id`)
) ENGINE=InnoDB AUTO_INCREMENT=786 DEFAULT CHARSET=utf8;

INSERT INTO `fa4_7_0` VALUES ('1','-500px'),
('2','fa-rouble'),
('3','fa-rub'),
('4','fa-ruble'),
('5','fa-pageline'),
('6','fa-stack-exchange'),
('7','fa-arrow-circle-o-right'),
('8','fa-arrow-circle-o-left'),
('9','fa-caret-square-o-left'),
('10','fa-toggle-left'),
('11','fa-dot-circle-o'),
('12','fa-wheelchair'),
('13','fa-vimeo-square'),
('14','fa-try'),
('15','fa-turkish-lira'),
('16','fa-plus-square-o'),
('17','fa-space-shuttle'),
('18','fa-slack'),
('19','fa-envelope-square'),
('20','fa-wordpress'),
('21','fa-openid'),
('22','fa-bank'),
('23','fa-institution'),
('24','fa-university'),
('25','fa-graduation-cap'),
('26','fa-mortar-board'),
('27','fa-yahoo'),
('28','fa-google'),
('29','fa-reddit'),
('30','fa-reddit-square'),
('31','fa-stumbleupon-circle'),
('32','fa-stumbleupon'),
('33','fa-delicious'),
('34','fa-digg'),
('35','fa-pied-piper-pp'),
('36','fa-pied-piper-alt'),
('37','fa-drupal'),
('38','fa-joomla'),
('39','fa-language'),
('40','fa-fax'),
('41','fa-building'),
('42','fa-child'),
('43','fa-paw'),
('44','fa-spoon'),
('45','fa-cube'),
('46','fa-cubes'),
('47','fa-behance'),
('48','fa-behance-square'),
('49','fa-steam'),
('50','fa-steam-square'),
('51','fa-recycle'),
('52','fa-automobile'),
('53','fa-car'),
('54','fa-cab'),
('55','fa-taxi'),
('56','fa-tree'),
('57','fa-spotify'),
('58','fa-deviantart'),
('59','fa-soundcloud'),
('60','fa-database'),
('61','fa-file-pdf-o'),
('62','fa-file-word-o'),
('63','fa-file-excel-o'),
('64','fa-file-powerpoint-o'),
('65','fa-file-image-o'),
('66','fa-file-photo-o'),
('67','fa-file-picture-o'),
('68','fa-file-archive-o'),
('69','fa-file-zip-o'),
('70','fa-file-audio-o'),
('71','fa-file-sound-o'),
('72','fa-file-movie-o'),
('73','fa-file-video-o'),
('74','fa-file-code-o'),
('75','fa-vine'),
('76','fa-codepen'),
('77','fa-jsfiddle'),
('78','fa-life-bouy'),
('79','fa-life-buoy'),
('80','fa-life-ring'),
('81','fa-life-saver'),
('82','fa-support'),
('83','fa-circle-o-notch'),
('84','fa-ra'),
('85','fa-rebel'),
('86','fa-resistance'),
('87','fa-empire'),
('88','fa-ge'),
('89','fa-git-square'),
('90','fa-git'),
('91','fa-hacker-news'),
('92','fa-y-combinator-square'),
('93','fa-yc-square'),
('94','fa-tencent-weibo'),
('95','fa-qq'),
('96','fa-wechat'),
('97','fa-weixin'),
('98','fa-paper-plane'),
('99','fa-send'),
('100','fa-paper-plane-o'),
('101','fa-send-o'),
('102','fa-history'),
('103','fa-circle-thin'),
('104','fa-header'),
('105','fa-paragraph'),
('106','fa-sliders'),
('107','fa-share-alt'),
('108','fa-share-alt-square'),
('109','fa-bomb'),
('110','fa-futbol-o'),
('111','fa-soccer-ball-o'),
('112','fa-tty'),
('113','fa-binoculars'),
('114','fa-plug'),
('115','fa-slideshare'),
('116','fa-twitch'),
('117','fa-yelp'),
('118','fa-newspaper-o'),
('119','fa-wifi'),
('120','fa-calculator'),
('121','fa-paypal'),
('122','fa-google-wallet'),
('123','fa-cc-visa'),
('124','fa-cc-mastercard'),
('125','fa-cc-discover'),
('126','fa-cc-amex'),
('127','fa-cc-paypal'),
('128','fa-cc-stripe'),
('129','fa-bell-slash'),
('130','fa-bell-slash-o'),
('131','fa-trash'),
('132','fa-copyright'),
('133','fa-at'),
('134','fa-eyedropper'),
('135','fa-paint-brush'),
('136','fa-birthday-cake'),
('137','fa-area-chart'),
('138','fa-pie-chart'),
('139','fa-line-chart'),
('140','fa-lastfm'),
('141','fa-lastfm-square'),
('142','fa-toggle-off'),
('143','fa-toggle-on'),
('144','fa-bicycle'),
('145','fa-bus'),
('146','fa-ioxhost'),
('147','fa-angellist'),
('148','fa-cc'),
('149','fa-ils'),
('150','fa-shekel'),
('151','fa-sheqel'),
('152','fa-meanpath'),
('153','fa-buysellads'),
('154','fa-connectdevelop'),
('155','fa-dashcube'),
('156','fa-forumbee'),
('157','fa-leanpub'),
('158','fa-sellsy'),
('159','fa-shirtsinbulk'),
('160','fa-simplybuilt'),
('161','fa-skyatlas'),
('162','fa-cart-plus'),
('163','fa-cart-arrow-down'),
('164','fa-diamond'),
('165','fa-ship'),
('166','fa-user-secret'),
('167','fa-motorcycle'),
('168','fa-street-view'),
('169','fa-heartbeat'),
('170','fa-venus'),
('171','fa-mars'),
('172','fa-mercury'),
('173','fa-intersex'),
('174','fa-transgender'),
('175','fa-transgender-alt'),
('176','fa-venus-double'),
('177','fa-mars-double'),
('178','fa-venus-mars'),
('179','fa-mars-stroke'),
('180','fa-mars-stroke-v'),
('181','fa-mars-stroke-h'),
('182','fa-neuter'),
('183','fa-facebook-official'),
('184','fa-pinterest-p'),
('185','fa-whatsapp'),
('186','fa-server'),
('187','fa-user-plus'),
('188','fa-user-times'),
('189','fa-bed'),
('190','fa-hotel'),
('191','fa-viacoin'),
('192','fa-train'),
('193','fa-subway'),
('194','fa-medium'),
('195','fa-genderless'),
('196','fa-yc'),
('197','fa-y-combinator'),
('198','fa-optin-monster'),
('199','fa-opencart'),
('200','fa-expeditedssl'),
('201','fa-battery'),
('202','fa-battery-4'),
('203','fa-battery-full'),
('204','fa-battery-3'),
('205','fa-battery-three-quarters'),
('206','fa-battery-2'),
('207','fa-battery-half'),
('208','fa-battery-1'),
('209','fa-battery-quarter'),
('210','fa-battery-0'),
('211','fa-battery-empty'),
('212','fa-mouse-pointer'),
('213','fa-i-cursor'),
('214','fa-object-group'),
('215','fa-object-ungroup'),
('216','fa-sticky-note'),
('217','fa-sticky-note-o'),
('218','fa-cc-jcb'),
('219','fa-cc-diners-club'),
('220','fa-clone'),
('221','fa-balance-scale'),
('222','fa-hourglass-o'),
('223','fa-hourglass-1'),
('224','fa-hourglass-start'),
('225','fa-hourglass-2'),
('226','fa-hourglass-half'),
('227','fa-hourglass-3'),
('228','fa-hourglass-end'),
('229','fa-hourglass'),
('230','fa-hand-grab-o'),
('231','fa-hand-rock-o'),
('232','fa-hand-paper-o'),
('233','fa-hand-stop-o'),
('234','fa-hand-scissors-o'),
('235','fa-hand-lizard-o'),
('236','fa-hand-spock-o'),
('237','fa-hand-pointer-o'),
('238','fa-hand-peace-o'),
('239','fa-trademark'),
('240','fa-registered'),
('241','fa-creative-commons'),
('242','fa-gg'),
('243','fa-gg-circle'),
('244','fa-tripadvisor'),
('245','fa-odnoklassniki'),
('246','fa-odnoklassniki-square'),
('247','fa-get-pocket'),
('248','fa-wikipedia-w'),
('249','fa-safari'),
('250','fa-chrome'),
('251','fa-firefox'),
('252','fa-opera'),
('253','fa-internet-explorer'),
('254','fa-television'),
('255','fa-tv'),
('256','fa-contao'),
('257','fa-amazon'),
('258','fa-calendar-plus-o'),
('259','fa-calendar-minus-o'),
('260','fa-calendar-times-o'),
('261','fa-calendar-check-o'),
('262','fa-industry'),
('263','fa-map-pin'),
('264','fa-map-signs'),
('265','fa-map-o'),
('266','fa-map'),
('267','fa-commenting'),
('268','fa-commenting-o'),
('269','fa-houzz'),
('270','fa-vimeo'),
('271','fa-black-tie'),
('272','fa-fonticons'),
('273','fa-reddit-alien'),
('274','fa-edge'),
('275','fa-credit-card-alt'),
('276','fa-codiepie'),
('277','fa-modx'),
('278','fa-fort-awesome'),
('279','fa-usb'),
('280','fa-product-hunt'),
('281','fa-mixcloud'),
('282','fa-scribd'),
('283','fa-pause-circle'),
('284','fa-pause-circle-o'),
('285','fa-stop-circle'),
('286','fa-stop-circle-o'),
('287','fa-shopping-bag'),
('288','fa-shopping-basket'),
('289','fa-hashtag'),
('290','fa-bluetooth'),
('291','fa-bluetooth-b'),
('292','fa-percent'),
('293','fa-instagram'),
('294','fa-gitlab'),
('295','fa-wpbeginner'),
('296','fa-wpforms'),
('297','fa-envira'),
('298','fa-universal-access'),
('299','fa-wheelchair-alt'),
('300','fa-question-circle-o'),
('301','fa-blind'),
('302','fa-audio-description'),
('303','fa-volume-control-phone'),
('304','fa-braille'),
('305','fa-assistive-listening-systems'),
('306','fa-american-sign-language-interpreting'),
('307','fa-asl-interpreting'),
('308','fa-deaf'),
('309','fa-deafness'),
('310','fa-hard-of-hearing'),
('311','fa-glide'),
('312','fa-glide-g'),
('313','fa-signing'),
('314','fa-sign-language'),
('315','fa-low-vision'),
('316','fa-viadeo'),
('317','fa-viadeo-square'),
('318','fa-snapchat'),
('319','fa-snapchat-ghost'),
('320','fa-snapchat-square'),
('321','fa-pied-piper'),
('322','fa-first-order'),
('323','fa-yoast'),
('324','fa-themeisle'),
('325','fa-google-plus-circle'),
('326','fa-google-plus-official'),
('327','fa-fa'),
('328','fa-font-awesome'),
('329','fa-handshake-o'),
('330','fa-envelope-open'),
('331','fa-envelope-open-o'),
('332','fa-linode'),
('333','fa-address-book'),
('334','fa-address-book-o'),
('335','fa-address-card'),
('336','fa-vcard'),
('337','fa-address-card-o'),
('338','fa-vcard-o'),
('339','fa-user-circle'),
('340','fa-user-circle-o'),
('341','fa-user-o'),
('342','fa-id-badge'),
('343','fa-drivers-license'),
('344','fa-id-card'),
('345','fa-drivers-license-o'),
('346','fa-id-card-o'),
('347','fa-quora'),
('348','fa-free-code-camp'),
('349','fa-telegram'),
('350','fa-thermometer'),
('351','fa-thermometer-4'),
('352','fa-thermometer-full'),
('353','fa-thermometer-3'),
('354','fa-thermometer-three-quarters'),
('355','fa-thermometer-2'),
('356','fa-thermometer-half'),
('357','fa-thermometer-1'),
('358','fa-thermometer-quarter'),
('359','fa-thermometer-0'),
('360','fa-thermometer-empty'),
('361','fa-shower'),
('362','fa-bath'),
('363','fa-bathtub'),
('364','fa-s15'),
('365','fa-podcast'),
('366','fa-window-maximize'),
('367','fa-window-minimize'),
('368','fa-window-restore'),
('369','fa-times-rectangle'),
('370','fa-window-close'),
('371','fa-times-rectangle-o'),
('372','fa-window-close-o'),
('373','fa-bandcamp'),
('374','fa-grav'),
('375','fa-etsy'),
('376','fa-imdb'),
('377','fa-ravelry'),
('378','fa-eercast'),
('379','fa-microchip'),
('380','fa-snowflake-o'),
('381','fa-superpowers'),
('382','fa-wpexplorer'),
('383','fa-meetup'),
('384','fa-glass'),
('385','fa-music'),
('386','fa-search'),
('387','fa-envelope-o'),
('388','fa-heart'),
('389','fa-star'),
('390','fa-star-o'),
('391','fa-user'),
('392','fa-film'),
('393','fa-th-large'),
('394','fa-th'),
('395','fa-th-list'),
('396','fa-check'),
('397','fa-close'),
('398','fa-remove'),
('399','fa-times'),
('400','fa-search-plus'),
('401','fa-search-minus'),
('402','fa-power-off'),
('403','fa-signal'),
('404','fa-cog'),
('405','fa-gear'),
('406','fa-trash-o'),
('407','fa-home'),
('408','fa-file-o'),
('409','fa-clock-o'),
('410','fa-road'),
('411','fa-download'),
('412','fa-arrow-circle-o-down'),
('413','fa-arrow-circle-o-up'),
('414','fa-inbox'),
('415','fa-play-circle-o'),
('416','fa-repeat'),
('417','fa-rotate-right'),
('418','fa-refresh'),
('419','fa-list-alt'),
('420','fa-lock'),
('421','fa-flag'),
('422','fa-headphones'),
('423','fa-volume-off'),
('424','fa-volume-down'),
('425','fa-volume-up'),
('426','fa-qrcode'),
('427','fa-barcode'),
('428','fa-tag'),
('429','fa-tags'),
('430','fa-book'),
('431','fa-bookmark'),
('432','fa-print'),
('433','fa-camera'),
('434','fa-font'),
('435','fa-bold'),
('436','fa-italic'),
('437','fa-text-height'),
('438','fa-text-width'),
('439','fa-align-left'),
('440','fa-align-center'),
('441','fa-align-right'),
('442','fa-align-justify'),
('443','fa-list'),
('444','fa-dedent'),
('445','fa-outdent'),
('446','fa-indent'),
('447','fa-video-camera'),
('448','fa-image'),
('449','fa-photo'),
('450','fa-picture-o'),
('451','fa-pencil'),
('452','fa-map-marker'),
('453','fa-adjust'),
('454','fa-tint'),
('455','fa-edit'),
('456','fa-pencil-square-o'),
('457','fa-share-square-o'),
('458','fa-check-square-o'),
('459','fa-arrows'),
('460','fa-step-backward'),
('461','fa-fast-backward'),
('462','fa-backward'),
('463','fa-play'),
('464','fa-pause'),
('465','fa-stop'),
('466','fa-forward'),
('467','fa-fast-forward'),
('468','fa-step-forward'),
('469','fa-eject'),
('470','fa-chevron-left'),
('471','fa-chevron-right'),
('472','fa-plus-circle'),
('473','fa-minus-circle'),
('474','fa-times-circle'),
('475','fa-check-circle'),
('476','fa-question-circle'),
('477','fa-info-circle'),
('478','fa-crosshairs'),
('479','fa-times-circle-o'),
('480','fa-check-circle-o'),
('481','fa-ban'),
('482','fa-arrow-left'),
('483','fa-arrow-right'),
('484','fa-arrow-up'),
('485','fa-arrow-down'),
('486','fa-mail-forward'),
('487','fa-share'),
('488','fa-expand'),
('489','fa-compress'),
('490','fa-plus'),
('491','fa-minus'),
('492','fa-asterisk'),
('493','fa-exclamation-circle'),
('494','fa-gift'),
('495','fa-leaf'),
('496','fa-fire'),
('497','fa-eye'),
('498','fa-eye-slash'),
('499','fa-exclamation-triangle'),
('500','fa-warning'),
('501','fa-plane'),
('502','fa-calendar'),
('503','fa-random'),
('504','fa-comment'),
('505','fa-magnet'),
('506','fa-chevron-up'),
('507','fa-chevron-down'),
('508','fa-retweet'),
('509','fa-shopping-cart'),
('510','fa-folder'),
('511','fa-folder-open'),
('512','fa-arrows-v'),
('513','fa-arrows-h'),
('514','fa-bar-chart'),
('515','fa-bar-chart-o'),
('516','fa-twitter-square'),
('517','fa-facebook-square'),
('518','fa-camera-retro'),
('519','fa-key'),
('520','fa-cogs'),
('521','fa-gears'),
('522','fa-comments'),
('523','fa-thumbs-o-up'),
('524','fa-thumbs-o-down'),
('525','fa-star-half'),
('526','fa-heart-o'),
('527','fa-sign-out'),
('528','fa-linkedin-square'),
('529','fa-thumb-tack'),
('530','fa-external-link'),
('531','fa-sign-in'),
('532','fa-trophy'),
('533','fa-github-square'),
('534','fa-upload'),
('535','fa-lemon-o'),
('536','fa-phone'),
('537','fa-square-o'),
('538','fa-bookmark-o'),
('539','fa-phone-square'),
('540','fa-twitter'),
('541','fa-facebook'),
('542','fa-facebook-f'),
('543','fa-github'),
('544','fa-unlock'),
('545','fa-credit-card'),
('546','fa-feed'),
('547','fa-rss'),
('548','fa-hdd-o'),
('549','fa-bullhorn'),
('550','fa-bell-o'),
('551','fa-certificate'),
('552','fa-hand-o-right'),
('553','fa-hand-o-left'),
('554','fa-hand-o-up'),
('555','fa-hand-o-down'),
('556','fa-arrow-circle-left'),
('557','fa-arrow-circle-right'),
('558','fa-arrow-circle-up'),
('559','fa-arrow-circle-down'),
('560','fa-globe'),
('561','fa-wrench'),
('562','fa-tasks'),
('563','fa-filter'),
('564','fa-briefcase'),
('565','fa-arrows-alt'),
('566','fa-group'),
('567','fa-users'),
('568','fa-chain'),
('569','fa-link'),
('570','fa-cloud'),
('571','fa-flask'),
('572','fa-cut'),
('573','fa-scissors'),
('574','fa-copy'),
('575','fa-files-o'),
('576','fa-paperclip'),
('577','fa-floppy-o'),
('578','fa-save'),
('579','fa-square'),
('580','fa-bars'),
('581','fa-navicon'),
('582','fa-reorder'),
('583','fa-list-ul'),
('584','fa-list-ol'),
('585','fa-strikethrough'),
('586','fa-underline'),
('587','fa-table'),
('588','fa-magic'),
('589','fa-truck'),
('590','fa-pinterest'),
('591','fa-pinterest-square'),
('592','fa-google-plus-square'),
('593','fa-google-plus'),
('594','fa-money'),
('595','fa-caret-down'),
('596','fa-caret-up'),
('597','fa-caret-left'),
('598','fa-caret-right'),
('599','fa-columns'),
('600','fa-sort'),
('601','fa-unsorted'),
('602','fa-sort-desc'),
('603','fa-sort-down'),
('604','fa-sort-asc'),
('605','fa-sort-up'),
('606','fa-envelope'),
('607','fa-linkedin'),
('608','fa-rotate-left'),
('609','fa-undo'),
('610','fa-gavel'),
('611','fa-legal'),
('612','fa-dashboard'),
('613','fa-tachometer'),
('614','fa-comment-o'),
('615','fa-comments-o'),
('616','fa-bolt'),
('617','fa-flash'),
('618','fa-sitemap'),
('619','fa-umbrella'),
('620','fa-clipboard'),
('621','fa-paste'),
('622','fa-lightbulb-o'),
('623','fa-exchange'),
('624','fa-cloud-download'),
('625','fa-cloud-upload'),
('626','fa-user-md'),
('627','fa-stethoscope'),
('628','fa-suitcase'),
('629','fa-bell'),
('630','fa-coffee'),
('631','fa-cutlery'),
('632','fa-file-text-o'),
('633','fa-building-o'),
('634','fa-hospital-o'),
('635','fa-ambulance'),
('636','fa-medkit'),
('637','fa-fighter-jet'),
('638','fa-beer'),
('639','fa-h-square'),
('640','fa-plus-square'),
('641','fa-angle-double-left'),
('642','fa-angle-double-right'),
('643','fa-angle-double-up'),
('644','fa-angle-double-down'),
('645','fa-angle-left'),
('646','fa-angle-right'),
('647','fa-angle-up'),
('648','fa-angle-down'),
('649','fa-desktop'),
('650','fa-laptop'),
('651','fa-tablet'),
('652','fa-mobile'),
('653','fa-mobile-phone'),
('654','fa-circle-o'),
('655','fa-quote-left'),
('656','fa-quote-right'),
('657','fa-spinner'),
('658','fa-circle'),
('659','fa-mail-reply'),
('660','fa-reply'),
('661','fa-github-alt'),
('662','fa-folder-o'),
('663','fa-folder-open-o'),
('664','fa-smile-o'),
('665','fa-frown-o'),
('666','fa-meh-o'),
('667','fa-gamepad'),
('668','fa-keyboard-o'),
('669','fa-flag-o'),
('670','fa-flag-checkered'),
('671','fa-terminal'),
('672','fa-code'),
('673','fa-mail-reply-all'),
('674','fa-reply-all'),
('675','fa-star-half-empty'),
('676','fa-star-half-full'),
('677','fa-star-half-o'),
('678','fa-location-arrow'),
('679','fa-crop'),
('680','fa-code-fork'),
('681','fa-chain-broken'),
('682','fa-unlink'),
('683','fa-question'),
('684','fa-info'),
('685','fa-exclamation'),
('686','fa-superscript'),
('687','fa-subscript'),
('688','fa-eraser'),
('689','fa-puzzle-piece'),
('690','fa-microphone'),
('691','fa-microphone-slash'),
('692','fa-shield'),
('693','fa-calendar-o'),
('694','fa-fire-extinguisher'),
('695','fa-rocket'),
('696','fa-maxcdn'),
('697','fa-chevron-circle-left'),
('698','fa-chevron-circle-right'),
('699','fa-chevron-circle-up'),
('700','fa-chevron-circle-down'),
('701','fa-html5'),
('702','fa-css3'),
('703','fa-anchor'),
('704','fa-unlock-alt'),
('705','fa-bullseye'),
('706','fa-ellipsis-h'),
('707','fa-ellipsis-v'),
('708','fa-rss-square'),
('709','fa-play-circle'),
('710','fa-ticket'),
('711','fa-minus-square'),
('712','fa-minus-square-o'),
('713','fa-level-up'),
('714','fa-level-down'),
('715','fa-check-square'),
('716','fa-pencil-square'),
('717','fa-external-link-square'),
('718','fa-share-square'),
('719','fa-compass'),
('720','fa-caret-square-o-down'),
('721','fa-toggle-down'),
('722','fa-caret-square-o-up'),
('723','fa-toggle-up'),
('724','fa-caret-square-o-right'),
('725','fa-toggle-right'),
('726','fa-eur'),
('727','fa-euro'),
('728','fa-gbp'),
('729','fa-dollar'),
('730','fa-usd'),
('731','fa-inr'),
('732','fa-rupee'),
('733','fa-cny'),
('734','fa-jpy'),
('735','fa-rmb'),
('736','fa-yen'),
('737','fa-krw'),
('738','fa-won'),
('739','fa-bitcoin'),
('740','fa-btc'),
('741','fa-file'),
('742','fa-file-text'),
('743','fa-sort-alpha-asc'),
('744','fa-sort-alpha-desc'),
('745','fa-sort-amount-asc'),
('746','fa-sort-amount-desc'),
('747','fa-sort-numeric-asc'),
('748','fa-sort-numeric-desc'),
('749','fa-thumbs-up'),
('750','fa-thumbs-down'),
('751','fa-youtube'),
('752','fa-xing'),
('753','fa-xing-square'),
('754','fa-youtube-play'),
('755','fa-dropbox'),
('756','fa-stack-overflow'),
('757','fa-flickr'),
('758','fa-adn'),
('759','fa-bitbucket'),
('760','fa-bitbucket-square'),
('761','fa-tumblr'),
('762','fa-tumblr-square'),
('763','fa-long-arrow-down'),
('764','fa-long-arrow-up'),
('765','fa-long-arrow-left'),
('766','fa-long-arrow-right'),
('767','fa-apple'),
('768','fa-windows'),
('769','fa-android'),
('770','fa-linux'),
('771','fa-dribbble'),
('772','fa-skype'),
('773','fa-foursquare'),
('774','fa-trello'),
('775','fa-female'),
('776','fa-male'),
('777','fa-gittip'),
('778','fa-gratipay'),
('779','fa-sun-o'),
('780','fa-moon-o'),
('781','fa-archive'),
('782','fa-bug'),
('783','fa-vk'),
('784','fa-weibo'),
('785','fa-renren'); 


DROP TABLE IF EXISTS `gari_token`;
CREATE TABLE `gari_token` (
  `id` int(11) NOT NULL AUTO_INCREMENT,
  `gari_no` varchar(255) NOT NULL,
  `owner_name` varchar(255) NOT NULL,
  `token_start_date` date NOT NULL,
  `token_end_date` date NOT NULL,
  `entered_at` timestamp NOT NULL DEFAULT CURRENT_TIMESTAMP ON UPDATE CURRENT_TIMESTAMP,
  PRIMARY KEY (`id`)
) ENGINE=InnoDB AUTO_INCREMENT=6 DEFAULT CHARSET=utf32;

INSERT INTO `gari_token` VALUES ('1','LEA 1541','ali raza','2021-04-05','2021-04-30','2021-04-26 02:20:42'),
('5','leb 1473','muhammad shahid','2021-04-26','2022-10-26','2021-04-26 02:23:36'); 


DROP TABLE IF EXISTS `inv_type`;
CREATE TABLE `inv_type` (
  `id` int(11) NOT NULL AUTO_INCREMENT,
  `name` varchar(255) CHARACTER SET utf8 NOT NULL,
  PRIMARY KEY (`id`)
) ENGINE=InnoDB AUTO_INCREMENT=4 DEFAULT CHARSET=latin1;

INSERT INTO `inv_type` VALUES ('1','Gen'),
('2','Kitchen'),
('3','Salary'); 


DROP TABLE IF EXISTS `invoice_detail`;
CREATE TABLE `invoice_detail` (
  `id` int(11) NOT NULL AUTO_INCREMENT,
  `invoice_no` float NOT NULL,
  `customer_id` float NOT NULL,
  `cr_limit` float NOT NULL,
  `total_balance` float NOT NULL,
  `farq` float NOT NULL,
  `wazan` float NOT NULL,
  `rate` float NOT NULL,
  `amount` float NOT NULL,
  `wasooli` float NOT NULL,
  `tafseel` varchar(255) NOT NULL,
  PRIMARY KEY (`id`)
) ENGINE=InnoDB AUTO_INCREMENT=192 DEFAULT CHARSET=utf32;

INSERT INTO `invoice_detail` VALUES ('156','11','3','1200','0','1200','70','100','7000','0','dfuh'),
('157','11','7','1455','0','1455','30','1594','47820','0','skjd'),
('158','11','3','1200','-14000','1200','70','100','7000','0','hsh'),
('159','11','7','1455','-95640','1455','30','1594','47820','0','kk'),
('160','2','2','50000','-19860','0','0','0','0','1500','OKOK'),
('161','2','2','50000','18360','0','0','0','0','1500','OKOK'),
('162','14','9','1500','64000','1500','160','200','32000','0',''),
('163','14','8','46000','4865','46000','7','695','4865','800',''),
('164','14','9','1500','32000','1500','160','200','32000','0',''),
('165','14','8','46000','4865','46000','7','695','4865','800',''),
('166','14','9','1500','32000','1500','160','200','32000','0',''),
('167','14','8','46000','4865','46000','7','695','4865','800',''),
('168','14','9','1500','64000','1500','160','200','32000','0',''),
('169','14','8','46000','8930','46000','7','695','4865','800',''),
('170','14','9','1500','96000','1500','160','200','32000','0',''),
('171','14','8','46000','12995','46000','7','695','4865','800',''),
('172','14','9','1500','128000','1500','160','200','32000','0',''),
('173','14','8','46000','17060','46000','7','695','4865','800',''),
('174','14','9','1500','160000','1500','160','200','32000','0',''),
('175','14','8','46000','21125','46000','7','695','4865','800',''),
('176','14','9','1500','192000','1500','160','200','32000','0',''),
('177','14','8','46000','25190','46000','7','695','4865','800',''),
('178','14','9','1500','224000','1500','160','200','32000','0',''),
('179','14','8','46000','29255','46000','7','695','4865','800',''),
('180','14','9','1500','256000','1500','160','200','32000','0',''),
('181','14','8','46000','33320','46000','7','695','4865','800',''),
('182','14','9','1500','288000','1500','160','200','32000','0',''),
('183','14','8','46000','37385','46000','7','695','4865','800',''),
('184','14','9','1500','320000','1500','160','200','32000','0',''),
('185','14','8','46000','41450','46000','7','695','4865','800',''),
('186','14','9','1500','352000','1500','160','200','32000','0',''),
('187','14','8','46000','45515','46000','7','695','4865','800',''),
('188','14','9','1500','384000','1500','160','200','32000','0',''),
('189','14','8','46000','49580','46000','7','695','4865','800',''),
('190','14','9','1500','416000','1500','160','200','32000','0',''),
('191','14','8','46000','53645','46000','7','695','4865','800',''); 


DROP TABLE IF EXISTS `m_account_detail`;
CREATE TABLE `m_account_detail` (
  `sno` int(11) NOT NULL AUTO_INCREMENT,
  `m_accountid` int(11) DEFAULT NULL,
  `tr_date` timestamp NULL DEFAULT CURRENT_TIMESTAMP,
  `amount` double DEFAULT '0',
  `type` varchar(10) DEFAULT NULL,
  `tr_description` varchar(50) DEFAULT '-',
  `invno` int(11) DEFAULT '0',
  `entered_by` varchar(255) DEFAULT NULL,
  `edited_at` timestamp NOT NULL DEFAULT '0000-00-00 00:00:00' ON UPDATE CURRENT_TIMESTAMP,
  `edited_by` varchar(255) DEFAULT NULL,
  `info` varchar(255) NOT NULL,
  PRIMARY KEY (`sno`),
  KEY `idx_m_accountid` (`m_accountid`)
) ENGINE=InnoDB AUTO_INCREMENT=181 DEFAULT CHARSET=latin1 COMMENT='TRIAL';

INSERT INTO `m_account_detail` VALUES ('63','2','2021-04-25 03:17:04','9180','Cr','purchased chicken from supplier','11','','0000-00-00 00:00:00',NULL,''),
('64','0','2021-04-25 03:17:04','9180','Dr','credit purchased chicken','11','','0000-00-00 00:00:00',NULL,''),
('65','3','2021-04-25 03:17:04','7000','Dr','Sold item to customer','11','','0000-00-00 00:00:00',NULL,''),
('66','3','2021-04-25 03:17:04','0','Dr','Cash against Sold item','11','','0000-00-00 00:00:00',NULL,''),
('67','7','2021-04-25 03:17:04','47820','Dr','Sold item to customer','11','','0000-00-00 00:00:00',NULL,''),
('68','7','2021-04-25 03:17:04','0','Dr','Cash against Sold item','11','','0000-00-00 00:00:00',NULL,''),
('69','2','2021-04-25 03:21:28','9180','Cr','purchased chicken from supplier','11','','0000-00-00 00:00:00',NULL,''),
('70','0','2021-04-25 03:21:28','9180','Dr','credit purchased chicken','11','','0000-00-00 00:00:00',NULL,''),
('71','3','2021-04-25 03:21:28','7000','Dr','Sold item to customer','11','','0000-00-00 00:00:00',NULL,''),
('72','7','2021-04-25 03:21:28','47820','Dr','Sold item to customer','11','','0000-00-00 00:00:00',NULL,''),
('73','0','2021-04-28 00:25:06','0','Dr','credit purchased chicken','2','','0000-00-00 00:00:00',NULL,''),
('74','2','2021-04-28 00:25:06','0','Dr','Sold item to customer','2','','0000-00-00 00:00:00',NULL,''),
('75','2','2021-04-28 00:25:06','1500','Dr','Cash against Sold item','2','','0000-00-00 00:00:00',NULL,''),
('76','2','2021-04-28 00:36:22','0','Dr','Sold item to customer','2','','0000-00-00 00:00:00',NULL,''),
('77','2','2021-04-28 00:36:22','1500','Dr','Cash against Sold item','2','','0000-00-00 00:00:00',NULL,''),
('78','2','2021-04-28 00:58:23','1500','Cr','Received Cash','2','','0000-00-00 00:00:00',NULL,''),
('79','2','2021-04-28 00:59:19','1500','Cr','Received Cash','2','','0000-00-00 00:00:00',NULL,''),
('80','2','2021-04-28 00:59:35','1500','Cr','Received Cash','2','','0000-00-00 00:00:00',NULL,''),
('81','2','2021-04-28 00:59:47','1500','Cr','Received Cash','2','','0000-00-00 00:00:00',NULL,''),
('82','2','2021-04-28 00:59:49','1500','Cr','Received Cash','2','','0000-00-00 00:00:00',NULL,''),
('83','2','2021-04-28 00:59:50','1500','Cr','Received Cash','2','','0000-00-00 00:00:00',NULL,''),
('84','2','2021-04-28 00:59:51','1500','Cr','Received Cash','2','','0000-00-00 00:00:00',NULL,''),
('85','2','2021-04-28 00:59:53','1500','Cr','Received Cash','2','','0000-00-00 00:00:00',NULL,''),
('86','2','2021-04-28 00:59:54','1500','Cr','Received Cash','2','','0000-00-00 00:00:00',NULL,''),
('87','2','2021-04-28 00:59:55','1500','Cr','Received Cash','2','','0000-00-00 00:00:00',NULL,''),
('88','2','2021-04-28 00:59:56','1500','Cr','Received Cash','2','','0000-00-00 00:00:00',NULL,''),
('89','2','2021-04-28 00:59:57','1500','Cr','Received Cash','2','','0000-00-00 00:00:00',NULL,''),
('90','2','2021-04-28 01:00:00','1500','Cr','Received Cash','2','','0000-00-00 00:00:00',NULL,''),
('91','2','2021-04-28 01:00:03','1500','Cr','Received Cash','2','','0000-00-00 00:00:00',NULL,''),
('92','2','2021-04-28 01:03:04','2000','Cr','Received Cash','17','','0000-00-00 00:00:00',NULL,''),
('93','2','2021-04-28 01:05:30','2000','Cr','Received Cash','17','','0000-00-00 00:00:00',NULL,''),
('94','2','2021-04-28 01:05:34','2000','Cr','Received Cash','17','','0000-00-00 00:00:00',NULL,''),
('95','7','2021-04-28 01:08:17','40','Cr','Received Cash','20','','0000-00-00 00:00:00',NULL,''),
('96','2','2021-04-30 00:05:39','0','Cr','purchased chicken from supplier','12','','0000-00-00 00:00:00',NULL,''),
('97','0','2021-04-30 00:05:39','0','Dr','credit purchased chicken','12','','0000-00-00 00:00:00',NULL,''),
('98','0','2021-04-30 15:15:36','0','Dr','credit purchased chicken','0','','0000-00-00 00:00:00',NULL,''),
('99','2','2021-05-01 02:45:32','36000','Cr','purchased chicken from supplier','14','','0000-00-00 00:00:00',NULL,''),
('100','0','2021-05-01 02:45:32','36000','Dr','credit purchased chicken','14','','0000-00-00 00:00:00',NULL,''),
('101','9','2021-05-01 02:45:32','32000','Dr','Sold item to customer','14','','0000-00-00 00:00:00',NULL,''),
('102','8','2021-05-01 02:45:32','4865','Dr','Sold item to customer','14','','0000-00-00 00:00:00',NULL,''),
('103','8','2021-05-01 02:45:32','800','Dr','Cash against Sold item','14','','0000-00-00 00:00:00',NULL,''),
('104','2','2021-05-01 02:46:11','36000','Cr','purchased chicken from supplier','14','','0000-00-00 00:00:00',NULL,''),
('105','0','2021-05-01 02:46:11','36000','Dr','credit purchased chicken','14','','0000-00-00 00:00:00',NULL,''),
('106','9','2021-05-01 02:46:11','32000','Dr','Sold item to customer','14','','0000-00-00 00:00:00',NULL,''),
('107','8','2021-05-01 02:46:11','4865','Dr','Sold item to customer','14','','0000-00-00 00:00:00',NULL,''),
('108','8','2021-05-01 02:46:11','800','Dr','Cash against Sold item','14','','0000-00-00 00:00:00',NULL,''),
('109','2','2021-05-01 02:59:55','36000','Cr','purchased chicken from supplier','14','','0000-00-00 00:00:00',NULL,''),
('110','0','2021-05-01 02:59:55','36000','Dr','credit purchased chicken','14','','0000-00-00 00:00:00',NULL,''),
('111','9','2021-05-01 02:59:55','32000','Dr','Sold item to customer','14','','0000-00-00 00:00:00',NULL,''),
('112','8','2021-05-01 02:59:55','4865','Dr','Sold item to customer','14','','0000-00-00 00:00:00',NULL,''),
('113','8','2021-05-01 02:59:55','800','Dr','Cash against Sold item','14','','0000-00-00 00:00:00',NULL,''),
('114','2','2021-05-01 03:04:12','36000','Cr','purchased chicken from supplier','14','','0000-00-00 00:00:00',NULL,''),
('115','0','2021-05-01 03:04:12','36000','Dr','credit purchased chicken','14','','0000-00-00 00:00:00',NULL,''),
('116','9','2021-05-01 03:04:12','32000','Dr','Sold item to customer','14','','0000-00-00 00:00:00',NULL,''),
('117','8','2021-05-01 03:04:12','4865','Dr','Sold item to customer','14','','0000-00-00 00:00:00',NULL,''),
('118','8','2021-05-01 03:04:12','800','Dr','Cash against Sold item','14','','0000-00-00 00:00:00',NULL,''),
('119','2','2021-05-01 03:04:48','36000','Cr','purchased chicken from supplier','14','','0000-00-00 00:00:00',NULL,''),
('120','0','2021-05-01 03:04:48','36000','Dr','credit purchased chicken','14','','0000-00-00 00:00:00',NULL,''),
('121','9','2021-05-01 03:04:48','32000','Dr','Sold item to customer','14','','0000-00-00 00:00:00',NULL,''),
('122','8','2021-05-01 03:04:48','4865','Dr','Sold item to customer','14','','0000-00-00 00:00:00',NULL,''),
('123','8','2021-05-01 03:04:48','800','Dr','Cash against Sold item','14','','0000-00-00 00:00:00',NULL,''),
('124','2','2021-05-01 03:05:06','36000','Cr','purchased chicken from supplier','14','','0000-00-00 00:00:00',NULL,''),
('125','0','2021-05-01 03:05:06','36000','Dr','credit purchased chicken','14','','0000-00-00 00:00:00',NULL,''),
('126','9','2021-05-01 03:05:06','32000','Dr','Sold item to customer','14','','0000-00-00 00:00:00',NULL,''),
('127','8','2021-05-01 03:05:06','4865','Dr','Sold item to customer','14','','0000-00-00 00:00:00',NULL,''),
('128','8','2021-05-01 03:05:06','800','Dr','Cash against Sold item','14','','0000-00-00 00:00:00',NULL,''),
('129','2','2021-05-01 03:05:33','36000','Cr','purchased chicken from supplier','14','','0000-00-00 00:00:00',NULL,''),
('130','0','2021-05-01 03:05:33','36000','Dr','credit purchased chicken','14','','0000-00-00 00:00:00',NULL,''),
('131','9','2021-05-01 03:05:33','32000','Dr','Sold item to customer','14','','0000-00-00 00:00:00',NULL,''),
('132','8','2021-05-01 03:05:33','4865','Dr','Sold item to customer','14','','0000-00-00 00:00:00',NULL,''),
('133','8','2021-05-01 03:05:33','800','Dr','Cash against Sold item','14','','0000-00-00 00:00:00',NULL,''),
('134','2','2021-05-01 03:06:11','36000','Cr','purchased chicken from supplier','14','','0000-00-00 00:00:00',NULL,''),
('135','0','2021-05-01 03:06:11','36000','Dr','credit purchased chicken','14','','0000-00-00 00:00:00',NULL,''),
('136','9','2021-05-01 03:06:11','32000','Dr','Sold item to customer','14','','0000-00-00 00:00:00',NULL,''),
('137','8','2021-05-01 03:06:11','4865','Dr','Sold item to customer','14','','0000-00-00 00:00:00',NULL,''),
('138','8','2021-05-01 03:06:11','800','Dr','Cash against Sold item','14','','0000-00-00 00:00:00',NULL,''),
('139','2','2021-05-01 03:06:18','36000','Cr','purchased chicken from supplier','14','','0000-00-00 00:00:00',NULL,''),
('140','0','2021-05-01 03:06:18','36000','Dr','credit purchased chicken','14','','0000-00-00 00:00:00',NULL,''),
('141','9','2021-05-01 03:06:18','32000','Dr','Sold item to customer','14','','0000-00-00 00:00:00',NULL,''),
('142','8','2021-05-01 03:06:18','4865','Dr','Sold item to customer','14','','0000-00-00 00:00:00',NULL,''),
('143','8','2021-05-01 03:06:18','800','Dr','Cash against Sold item','14','','0000-00-00 00:00:00',NULL,''),
('144','2','2021-05-01 03:07:20','36000','Cr','purchased chicken from supplier','14','','0000-00-00 00:00:00',NULL,''),
('145','0','2021-05-01 03:07:20','36000','Dr','credit purchased chicken','14','','0000-00-00 00:00:00',NULL,''),
('146','9','2021-05-01 03:07:20','32000','Dr','Sold item to customer','14','','0000-00-00 00:00:00',NULL,''),
('147','8','2021-05-01 03:07:20','4865','Dr','Sold item to customer','14','','0000-00-00 00:00:00',NULL,''),
('148','8','2021-05-01 03:07:20','800','Dr','Cash against Sold item','14','','0000-00-00 00:00:00',NULL,''),
('149','2','2021-05-01 03:08:10','36000','Cr','purchased chicken from supplier','14','','0000-00-00 00:00:00',NULL,''),
('150','0','2021-05-01 03:08:10','36000','Dr','credit purchased chicken','14','','0000-00-00 00:00:00',NULL,''),
('151','9','2021-05-01 03:08:10','32000','Dr','Sold item to customer','14','','0000-00-00 00:00:00',NULL,''),
('152','8','2021-05-01 03:08:10','4865','Dr','Sold item to customer','14','','0000-00-00 00:00:00',NULL,''),
('153','8','2021-05-01 03:08:10','800','Dr','Cash against Sold item','14','','0000-00-00 00:00:00',NULL,''),
('154','2','2021-05-01 03:08:22','36000','Cr','purchased chicken from supplier','14','','0000-00-00 00:00:00',NULL,''),
('155','0','2021-05-01 03:08:22','36000','Dr','credit purchased chicken','14','','0000-00-00 00:00:00',NULL,''),
('156','9','2021-05-01 03:08:22','32000','Dr','Sold item to customer','14','','0000-00-00 00:00:00',NULL,''),
('157','8','2021-05-01 03:08:22','4865','Dr','Sold item to customer','14','','0000-00-00 00:00:00',NULL,''),
('158','8','2021-05-01 03:08:22','800','Dr','Cash against Sold item','14','','0000-00-00 00:00:00',NULL,''),
('159','2','2021-05-01 03:08:48','36000','Cr','purchased chicken from supplier','14','','0000-00-00 00:00:00',NULL,''),
('160','0','2021-05-01 03:08:48','36000','Dr','credit purchased chicken','14','','0000-00-00 00:00:00',NULL,''),
('161','9','2021-05-01 03:08:48','32000','Dr','Sold item to customer','14','','0000-00-00 00:00:00',NULL,''),
('162','8','2021-05-01 03:08:48','4865','Dr','Sold item to customer','14','','0000-00-00 00:00:00',NULL,''),
('163','8','2021-05-01 03:08:48','800','Dr','Cash against Sold item','14','','0000-00-00 00:00:00',NULL,''),
('164','2','2021-05-01 03:08:59','36000','Cr','purchased chicken from supplier','14','','0000-00-00 00:00:00',NULL,''),
('165','0','2021-05-01 03:08:59','36000','Dr','credit purchased chicken','14','','0000-00-00 00:00:00',NULL,''),
('166','9','2021-05-01 03:08:59','32000','Dr','Sold item to customer','14','','0000-00-00 00:00:00',NULL,''),
('167','8','2021-05-01 03:08:59','4865','Dr','Sold item to customer','14','','0000-00-00 00:00:00',NULL,''),
('168','8','2021-05-01 03:08:59','800','Dr','Cash against Sold item','14','','0000-00-00 00:00:00',NULL,''),
('169','2','2021-05-01 03:09:12','36000','Cr','purchased chicken from supplier','14','','0000-00-00 00:00:00',NULL,''),
('170','0','2021-05-01 03:09:12','36000','Dr','credit purchased chicken','14','','0000-00-00 00:00:00',NULL,''),
('171','9','2021-05-01 03:09:12','32000','Dr','Sold item to customer','14','','0000-00-00 00:00:00',NULL,''),
('172','8','2021-05-01 03:09:12','4865','Dr','Sold item to customer','14','','0000-00-00 00:00:00',NULL,''),
('173','8','2021-05-01 03:09:12','800','Dr','Cash against Sold item','14','','0000-00-00 00:00:00',NULL,''),
('174','9','2021-05-01 03:10:28','6000','Cr','Received Cash','21','','0000-00-00 00:00:00',NULL,''),
('175','9','2021-05-01 03:11:07','50','Cr','Received Cash','22','','0000-00-00 00:00:00',NULL,''),
('176','9','2021-05-01 03:12:08','50','Cr','Received Cash','22','','0000-00-00 00:00:00',NULL,''),
('177','9','2021-05-01 03:12:29','50','Cr','Received Cash','22','','0000-00-00 00:00:00',NULL,''),
('178','9','2021-05-01 03:13:40','50','Cr','Received Cash','22','','0000-00-00 00:00:00',NULL,''),
('179','9','2021-05-01 03:14:45','50','Cr','Received Cash','22','','0000-00-00 00:00:00',NULL,''),
('180','9','2021-05-01 03:15:12','50','Cr','Received Cash','22','','0000-00-00 00:00:00',NULL,''); 


DROP TABLE IF EXISTS `manual_account`;
CREATE TABLE `manual_account` (
  `refno` int(11) NOT NULL AUTO_INCREMENT,
  `tr_date` datetime DEFAULT NULL,
  `desc` varchar(255) DEFAULT NULL,
  `trial167` char(1) DEFAULT NULL,
  PRIMARY KEY (`refno`)
) ENGINE=InnoDB AUTO_INCREMENT=2 DEFAULT CHARSET=latin1 COMMENT='TRIAL';

INSERT INTO `manual_account` VALUES ('1','2019-09-21 00:00:00',NULL,'T'); 


DROP TABLE IF EXISTS `master_account`;
CREATE TABLE `master_account` (
  `m_accountid` int(11) NOT NULL AUTO_INCREMENT,
  `account` varchar(50) NOT NULL,
  `accounttype` int(11) DEFAULT NULL,
  `remarks` varchar(50) DEFAULT NULL,
  `address` varchar(255) DEFAULT NULL,
  `contactno` varchar(255) DEFAULT NULL,
  `crlimit` double DEFAULT '0',
  `netbalance` double DEFAULT '0',
  `acct_no` varchar(255) DEFAULT NULL,
  `selbal` tinyint(1) NOT NULL DEFAULT '0',
  `commitee` varchar(255) DEFAULT NULL,
  `weight_less` int(11) DEFAULT '0',
  `rate` int(11) DEFAULT '0',
  `act_code` varchar(255) DEFAULT NULL,
  `sms` varchar(255) DEFAULT NULL,
  `trial170` char(1) DEFAULT NULL,
  PRIMARY KEY (`m_accountid`)
) ENGINE=InnoDB AUTO_INCREMENT=10 DEFAULT CHARSET=latin1 COMMENT='TRIAL';

INSERT INTO `master_account` VALUES ('1','Cash','0',NULL,NULL,NULL,'0','0',NULL,'0',NULL,'0','0',NULL,NULL,'T'),
('2','Azeem','1',NULL,' ??? ?????','456789','50000','-468000',NULL,'1','no','0','10000','12','Yes','T'),
('3','raja','2','rem','39','03006029757','1200','12',NULL,'0','YES','1495','5','123','yes',NULL),
('7','wasif','3','remss','40','03214511447','1455','5412',NULL,'1','YES','9566','8','1144','yes',NULL),
('8','اسلم','2','remaaa','39','0321456789','46000','52845',NULL,'1','YES','5','500','102444','YES',NULL),
('9','ملک راشد','2','','2','03006029757','1500','409700',NULL,'1','YES','3','5','','YES',NULL); 


DROP TABLE IF EXISTS `menu`;
CREATE TABLE `menu` (
  `menu_id` int(11) NOT NULL AUTO_INCREMENT,
  `menu_name` varchar(255) NOT NULL,
  `parent_id` int(11) NOT NULL DEFAULT '0' COMMENT '0 if menu is root level or menuid if this is child on any menu',
  `link` varchar(255) NOT NULL,
  `status` enum('0','1') NOT NULL DEFAULT '1' COMMENT '0 for disabled menu or 1 for enabled menu',
  `fa_icon` varchar(255) NOT NULL,
  PRIMARY KEY (`menu_id`)
) ENGINE=InnoDB AUTO_INCREMENT=38 DEFAULT CHARSET=utf8;

INSERT INTO `menu` VALUES ('1','Homee','0','index.php','1','fa-home'),
('2','کھاتے','0','#','1','fa-wpforms'),
('3','Sale','0','#','1','fa-cart-plus'),
('4','Area','0','#','1','fa-globe'),
('5','Cash','0','#','1','fa-money'),
('6','کھاتے بنانا','2','chart-of-account.php','1','fa-user-plus'),
('7','New Account Type','2','account-type.php','1','fa-calendar-check-o'),
('24','Reports','0','#','1','fa-print'),
('25','Sale Invoice سیل','3','sale-invoce.php','1','fa-list-alt'),
('29','Cash Receive بنام','5','cash-payment.php','1','fa-dollar'),
('30','(جنرل ووچر) آن لائن','5','voucher.php','1','fa-money'),
('31','کھاتے کی انٹریاں ','2','ledger-account.php','1','fa-list'),
('33','Daily Cash خرچ','5','cash-kharch.php','1','fa-money'),
('34','Backup','36','backup.php','1','fa-download'),
('35','Area List','4','area_list.php','1','fa-globe'),
('36','Settings','0','#','1','fa-cog'),
('37','Cash Receive جمع','5','cash-receive.php','0','fa-money'); 


DROP TABLE IF EXISTS `menu_user_permissions`;
CREATE TABLE `menu_user_permissions` (
  `id` int(11) NOT NULL AUTO_INCREMENT,
  `user_id` int(11) NOT NULL,
  `menu_id` int(11) NOT NULL,
  `created_at` timestamp NOT NULL DEFAULT CURRENT_TIMESTAMP,
  PRIMARY KEY (`id`)
) ENGINE=InnoDB AUTO_INCREMENT=50 DEFAULT CHARSET=utf32;

INSERT INTO `menu_user_permissions` VALUES ('32','1','1','0000-00-00 00:00:00'),
('33','1','2','0000-00-00 00:00:00'),
('35','1','4','0000-00-00 00:00:00'),
('36','1','5','0000-00-00 00:00:00'),
('37','1','6','0000-00-00 00:00:00'),
('38','1','7','0000-00-00 00:00:00'),
('39','1','24','0000-00-00 00:00:00'),
('40','1','25','0000-00-00 00:00:00'),
('41','1','29','0000-00-00 00:00:00'),
('42','1','30','0000-00-00 00:00:00'),
('43','1','31','0000-00-00 00:00:00'),
('44','1','33','0000-00-00 00:00:00'),
('45','1','34','0000-00-00 00:00:00'),
('46','1','35','0000-00-00 00:00:00'),
('47','1','36','0000-00-00 00:00:00'),
('48','1','37','0000-00-00 00:00:00'),
('49','1','3','0000-00-00 00:00:00'); 


DROP TABLE IF EXISTS `profitlosshistory`;
CREATE TABLE `profitlosshistory` (
  `refno` int(11) NOT NULL AUTO_INCREMENT,
  `from_date` datetime DEFAULT NULL,
  `to_date` datetime DEFAULT NULL,
  `openstock` int(11) DEFAULT NULL,
  `total_purchase` int(11) DEFAULT NULL,
  `closestock` int(11) DEFAULT NULL,
  `total_sale` int(11) DEFAULT NULL,
  `grossprofit` int(11) DEFAULT NULL,
  `totalexpense` int(11) DEFAULT NULL,
  `otherincome` int(11) DEFAULT NULL,
  `netprofit` int(11) DEFAULT NULL,
  `trial177` char(1) DEFAULT NULL,
  PRIMARY KEY (`refno`)
) ENGINE=InnoDB AUTO_INCREMENT=594 DEFAULT CHARSET=latin1 COMMENT='TRIAL';

INSERT INTO `profitlosshistory` VALUES ('1','2014-04-27 00:00:00','2014-04-27 00:00:00','0','10232','92220','1111','83099','0','0','83099','T'),
('2','2014-04-28 00:00:00','2014-04-28 00:00:00','0','0','0','0','0','0','0','0','T'),
('3','2014-05-04 00:00:00','2014-05-04 00:00:00','0','0','0','0','0','0','0','0','T'),
('4','2014-07-05 00:00:00','2014-07-05 00:00:00','0','50900','0','68309','17409','0','0','17409','T'),
('5','2014-07-17 00:00:00','2014-07-17 00:00:00','4220291','278347','4412885','117189','37040','0','0','37040','T'),
('6','2014-07-01 00:00:00','2014-07-17 00:00:00','0','4125230','4033296','110353','18419','0','0','18419','T'),
('7','2014-07-18 00:00:00','2014-07-18 00:00:00','4412885','0','4379716','47286','13617','0','0','13617','T'),
('8','2014-07-15 00:00:00','2014-07-15 00:00:00','0','0','-49820','71905','22112','0','0','22112','T'),
('9','2014-07-19 00:00:00','2014-07-19 00:00:00','4379716','169125','4472745','114714','37038','0','0','37038','T'),
('10','2014-07-12 00:00:00','2014-07-19 00:00:00','0','4929852','4603186','418913','92246','0','0','92246','T'),
('11','2014-07-20 00:00:00','2014-07-20 00:00:00','4604985','711084','4891095','108389','-316585','0','0','-316585','T'),
('12','2014-07-21 00:00:00','2014-07-21 00:00:00','4887845','135375','4932305','141070','50155','0','0','50155','T'),
('13','2014-07-20 00:00:00','0201-07-14 00:00:00','4604381','5640936','9494872','525507','-224938','0','0','-224938','T'),
('14','2014-07-20 00:00:00','0201-07-20 00:00:00','4604381','5640936','9494872','525507','-224938','0','0','-224938','T'),
('15','2014-07-20 00:00:00','2014-07-21 00:00:00','4604985','846459','4996145','156652','-298647','0','0','-298647','T'),
('16','2014-07-17 00:00:00','2014-07-21 00:00:00','4236441','1410656','4996145','419211','-231742','0','0','-231742','T'),
('17','2014-07-19 00:00:00','2014-07-21 00:00:00','4511956','1015584','4996145','271366','-260029','0','0','-260029','T'),
('18','2014-07-20 00:00:00','1720-07-14 00:00:00','4604985','5640936','9496080','524057','-225784','0','0','-225784','T'),
('19','2014-07-21 00:00:00','1720-07-21 00:00:00','4891095','5776311','9887240','572320','-207846','0','0','-207846','T'),
('20','2014-07-22 00:00:00','2014-07-22 00:00:00','4932305','247802','5128073','79251','27217','0','0','27217','T'),
('21','2014-07-23 00:00:00','2014-07-24 00:00:00','5009618','41400','4948413','162448','59843','0','0','59843','T'),
('22','2014-07-24 00:00:00','2014-07-24 00:00:00','4976393','0','4868359','169070','61036','0','0','61036','T'),
('23','2014-07-23 00:00:00','2014-07-23 00:00:00','5025413','41400','4963458','163947','60592','0','0','60592','T'),
('24','2014-07-25 00:00:00','2014-07-25 00:00:00','4868359','160810','4961934','104505','37270','0','0','37270','T'),
('25','2014-07-26 00:00:00','2014-07-26 00:00:00','4968124','0','4844180','199358','75414','0','0','75414','T'),
('26','2014-07-27 00:00:00','2014-07-27 00:00:00','4849705','0','4743967','170752','65014','0','0','65014','T'),
('27','2014-07-28 00:00:00','2014-07-28 00:00:00','4743967','0','4656088','149490','61611','0','0','61611','T'),
('28','2014-07-31 00:00:00','2014-07-31 00:00:00','4536108','0','4519988','25139','9019','0','0','9019','T'),
('29','2014-08-01 00:00:00','2014-08-01 00:00:00','4514876','0','4500996','22792','8912','0','0','8912','T'),
('30','2014-08-02 00:00:00','2014-08-02 00:00:00','4500272','0','4487878','21589','9195','0','0','9195','T'),
('31','2014-08-04 00:00:00','2014-08-04 00:00:00','4474918','0','4467752','11119','3954','0','0','3954','T'),
('32','2014-08-07 00:00:00','2014-08-07 00:00:00','4423332','0','4378892','69453','24467','0','0','24467','T'),
('33','2014-08-09 00:00:00','2014-08-09 00:00:00','4461924','0','4428547','53349','19971','0','0','19971','T'),
('34','2014-08-08 00:00:00','2014-08-08 00:00:00','4466282','0','4452724','20705','7148','0','0','7148','T'),
('35','2014-08-06 00:00:00','2014-08-06 00:00:00','4526532','0','4509462','27818','10748','0','0','10748','T'),
('36','2014-08-01 00:00:00','2014-08-09 00:00:00','4600462','0','4443981','256735','93964','0','0','93964','T'),
('37','2014-07-15 00:00:00','2014-08-09 00:00:00','0','6201274','4443981','2253633','828191','0','0','828191','T'),
('38','2014-08-10 00:00:00','2014-08-10 00:00:00','4428547','0','4428547','0','0','0','0','0','T'),
('39','2014-08-21 00:00:00','2014-08-21 00:00:00','4372175','0','4372175','0','0','0','0','0','T'),
('40','2014-08-20 00:00:00','2014-08-20 00:00:00','4380055','0','4375570','6394','1909','0','0','1909','T'),
('41','2014-08-05 00:00:00','2014-08-20 00:00:00','4600356','0','4375570','371808','141070','0','0','141070','T'),
('42','2014-08-05 00:00:00','2014-08-05 00:00:00','4600356','0','4576841','39100','15585','0','0','15585','T'),
('43','2014-07-16 00:00:00','2014-07-16 00:00:00','-49890','4365655','4220291','79805','28182','0','0','28182','T'),
('44','2014-10-19 00:00:00','2014-10-19 00:00:00','0','0','0','32590','0','0','1000','1000','T'),
('45','2014-10-20 00:00:00','2014-10-20 00:00:00','0','0','0','12000','0','0','0','0','T'),
('46','2014-10-29 00:00:00','2014-10-29 00:00:00','0','0','0','574730','0','0','0','0','T'),
('47','2014-10-31 00:00:00','2014-11-05 00:00:00','0','0','0','4507455','0','0','0','0','T'),
('48','2014-11-11 00:00:00','2014-11-11 00:00:00','0','0','0','590910','0','0','0','0','T'),
('49','2014-11-01 00:00:00','2014-11-12 00:00:00','0','0','0','9326900','0','0','0','0','T'),
('50','2013-11-14 00:00:00','2014-11-14 00:00:00','0','0','0','13730560','0','0','0','0','T'),
('51','2014-11-16 00:00:00','2014-11-16 00:00:00','0','0','0','0','0','0','0','0','T'),
('52','2015-06-25 00:00:00','2015-06-25 00:00:00','0','0','0','0','0','0','0','0','T'),
('53','2015-07-06 00:00:00','2015-07-06 00:00:00','0','0','0','43360','0','0','0','0','T'),
('54','2014-07-06 00:00:00','2015-07-06 00:00:00','0','0','0','605275','0','0','0','0','T'),
('55','2015-07-08 00:00:00','2015-07-08 00:00:00','0','0','0','115105','0','0','0','0','T'),
('56','2015-07-13 00:00:00','2015-07-13 00:00:00','0','0','0','183495','0','0','0','0','T'),
('57','2015-07-14 00:00:00','2015-07-14 00:00:00','0','0','0','354980','0','0','11480','11480','T'),
('58','2015-07-01 00:00:00','2015-07-14 00:00:00','0','0','0','1830009','0','31960','49380','17420','T'),
('59','2015-07-16 00:00:00','2015-07-16 00:00:00','0','0','0','161450','0','0','0','0','T'),
('60','2015-07-01 00:00:00','2015-07-16 00:00:00','0','0','0','2180229','0','34620','61555','26935','T'),
('61','2015-07-19 00:00:00','2015-07-19 00:00:00','0','0','0','0','0','0','0','0','T'),
('62','2015-07-21 00:00:00','2015-07-21 00:00:00','0','0','0','0','0','0','0','0','T'),
('63','2015-07-24 00:00:00','2015-07-24 00:00:00','0','0','0','0','0','0','0','0','T'),
('64','2015-07-31 00:00:00','2015-07-31 00:00:00','0','0','0','221920','0','0','0','0','T'),
('65','2015-07-30 00:00:00','2015-07-30 00:00:00','0','0','0','233765','0','2800','14225','11425','T'),
('66','2014-08-01 00:00:00','2015-08-01 00:00:00','0','0','0','5924539','0','324915','13956767','13631852','T'),
('67','2015-08-08 00:00:00','2015-08-08 00:00:00','0','0','0','366420','0','3000','24520','21520','T'),
('68','2015-08-09 00:00:00','2015-08-09 00:00:00','0','0','0','520355','0','0','0','0','T'),
('69','2015-08-01 00:00:00','2015-08-17 00:00:00','0','0','0','5161225','0','104910','334820','229910','T'),
('70','2015-08-16 00:00:00','2015-08-16 00:00:00','0','0','0','270810','0','3100','20530','17430','T'),
('71','2015-09-02 00:00:00','2015-09-03 00:00:00','0','0','0','548945','0','2450','19995','17545','T'),
('72','2015-08-30 00:00:00','2015-09-03 00:00:00','0','0','0','1423405','0','10850','77915','67065','T'),
('73','2015-10-31 00:00:00','2015-10-31 00:00:00','0','0','0','372995','0','2700','23445','20745','T'),
('74','2015-11-05 00:00:00','2015-11-05 00:00:00','0','0','0','0','0','0','0','0','T'),
('75','2015-11-25 00:00:00','2015-11-25 00:00:00','0','0','0','417430','0','0','0','0','T'),
('76','2015-12-26 00:00:00','2015-12-26 00:00:00','0','0','0','243815','0','0','0','0','T'),
('77','2016-01-31 00:00:00','2016-02-06 00:00:00','0','0','0','269836','0','9135','14376','5241','T'),
('78','2016-02-01 00:00:00','2016-02-07 00:00:00','0','2102000','0','2407436','93942','18240','46376','122078','T'),
('79','2016-02-07 00:00:00','2016-02-07 00:00:00','0','1850000','0','1872600','64600','3500','19000','80100','T'),
('80','2016-02-01 00:00:00','2016-02-01 00:00:00','0','133285','0','146400','13114','2870','0','10244','T'),
('81','2016-02-10 00:00:00','2016-02-10 00:00:00','0','0','0','0','0','0','0','0','T'),
('82','2015-02-01 00:00:00','2016-02-01 00:00:00','0','133285','0','146400','17770','2870','885387','900286','T'),
('83','2016-02-01 00:00:00','2016-02-10 00:00:00','0','133285','0','146400','13114','2870','0','10244','T'),
('84','2016-02-03 00:00:00','2016-02-03 00:00:00','0','169078','0','185901','16823','2320','0','14503','T'),
('85','2016-02-02 00:00:00','2016-02-02 00:00:00','0','115134','0','123436','8302','2735','0','5568','T'),
('86','2015-02-04 00:00:00','2016-02-04 00:00:00','0','616347','0','674511','58164','21790','885387','921761','T'),
('87','2016-02-04 00:00:00','2016-02-04 00:00:00','0','198850','0','218774','19924','14200','0','5724','T'),
('88','2016-02-05 00:00:00','2016-02-05 00:00:00','0','206976','0','230400','23424','16080','0','7344','T'),
('89','2016-02-06 00:00:00','2016-02-06 00:00:00','0','290970','0','326354','35384','3760','0','31624','T'),
('90','2016-02-13 00:00:00','2016-02-13 00:00:00','0','55016','0','45385','-9631','0','0','-9631','T'),
('91','2016-02-12 00:00:00','2016-02-12 00:00:00','0','245152','0','261395','16243','17350','0','-1107','T'),
('92','2015-02-13 00:00:00','2016-02-13 00:00:00','0','2216169','0','2404381','188212','80535','885387','993064','T'),
('93','2015-02-14 00:00:00','2016-02-14 00:00:00','0','2522529','0','2751716','229187','86375','885387','1028199','T'),
('94','2016-02-14 00:00:00','2016-02-14 00:00:00','0','220570','0','242498','21928','5740','0','16188','T'),
('95','2016-02-17 00:00:00','2016-02-17 00:00:00','0','133936','0','139630','5694','2800','0','2894','T'),
('96','2015-02-17 00:00:00','2016-02-17 00:00:00','0','3004807','0','3279646','274839','92800','885387','1067426','T'),
('97','2015-02-18 00:00:00','2016-02-18 00:00:00','0','3004807','0','3279646','274839','92800','885387','1067426','T'),
('98','2015-02-01 00:00:00','2016-02-18 00:00:00','0','3004807','0','3279646','274839','92800','885387','1067426','T'),
('99','2016-02-01 00:00:00','2016-02-18 00:00:00','0','3004807','0','3279646','274839','92800','0','182039','T'),
('100','2016-02-18 00:00:00','2016-02-18 00:00:00','0','0','0','0','0','0','0','0','T'),
('101','2016-02-20 00:00:00','2016-02-20 00:00:00','0','393090','0','431544','38454','0','0','38454','T'),
('102','2016-02-24 00:00:00','2016-02-24 00:00:00','0','244522','0','244685','163','0','0','163','T'),
('103','2016-02-23 00:00:00','2016-02-23 00:00:00','0','197232','0','200850','3618','3890','0','-272','T'),
('104','2016-02-22 00:00:00','2016-02-22 00:00:00','0','280168','0','300948','20780','1750','0','19030','T'),
('105','2015-02-15 00:00:00','2016-03-01 00:00:00','0','6170103','0','6649009','478906','249971','885387','1114322','T'),
('106','2015-03-02 00:00:00','2016-03-02 00:00:00','0','6170103','0','6646566','476463','249971','885387','1111879','T'),
('107','2016-01-31 00:00:00','2016-02-29 00:00:00','0','6170103','0','6646566','476463','332105','885387','1029745','T'),
('108','2016-02-01 00:00:00','2016-02-29 00:00:00','0','6170103','0','6646566','476463','318695','0','157768','T'),
('109','2015-03-09 00:00:00','2016-03-09 00:00:00','0','8206327','0','8796941','590614','394320','885387','1081681','T'),
('110','2016-02-29 00:00:00','2016-02-29 00:00:00','0','136600','0','149215','12615','139294','0','-126679','T'),
('111','2016-03-11 00:00:00','2016-03-11 00:00:00','0','0','0','0','0','0','0','0','T'),
('112','2015-03-11 00:00:00','2016-03-11 00:00:00','0','8206327','0','8796941','590614','396320','885387','1079681','T'),
('113','2015-03-17 00:00:00','2016-03-17 00:00:00','0','9654366','0','10349737','695371','436497','885387','1144261','T'),
('114','2016-03-17 00:00:00','2016-03-17 00:00:00','0','0','0','0','0','0','0','0','T'),
('115','2016-03-24 00:00:00','2016-03-24 00:00:00','0','249690','0','257914','8224','5930','0','2294','T'),
('116','2016-03-31 00:00:00','2016-03-31 00:00:00','0','0','0','0','0','0','0','0','T'),
('117','2016-03-01 00:00:00','2016-03-31 00:00:00','0','7189157','0','7545482','356325','322377','0','33948','T'),
('118','2015-03-31 00:00:00','2016-03-31 00:00:00','0','13359260','0','14192049','832789','653887','885387','1064289','T'),
('119','2016-04-11 00:00:00','2016-04-11 00:00:00','0','173138','0','171798','-1340','0','0','-1340','T'),
('120','2016-04-01 00:00:00','2016-04-16 00:00:00','0','3585766','0','3770868','185102','47430','0','137672','T'),
('121','2016-04-01 00:00:00','2016-04-18 00:00:00','0','4204732','0','4428077','223345','53570','0','169775','T'),
('122','2016-04-17 00:00:00','2016-04-17 00:00:00','0','247104','0','256492','9388','2700','0','6688','T'),
('123','2016-04-16 00:00:00','2016-04-16 00:00:00','0','384336','0','400716','16380','3440','0','12940','T'),
('124','2015-04-18 00:00:00','2016-04-18 00:00:00','0','17563992','0','18620125','1056133','707457','885387','1234063','T'),
('125','2015-04-19 00:00:00','2016-04-25 00:00:00','0','18413560','0','19509245','1095685','706005','885387','1275067','T'),
('126','2015-03-31 00:00:00','2016-04-25 00:00:00','0','18413560','0','19509245','1095685','706005','885387','1275067','T'),
('127','2015-03-31 00:00:00','2016-02-29 00:00:00','0','6170103','0','6646566','476463','331510','885387','1030340','T'),
('128','2016-04-25 00:00:00','2016-04-25 00:00:00','0','0','0','0','0','0','0','0','T'),
('129','2015-04-25 00:00:00','2016-03-31 00:00:00','0','13359260','0','14192049','832789','653887','885387','1064289','T'),
('130','2015-04-25 00:00:00','2016-01-20 00:00:00','0','0','0','0','0','-595','0','595','T'),
('131','2015-04-25 00:00:00','2016-02-29 00:00:00','0','6170103','0','6646566','476463','331510','885387','1030340','T'),
('132','2016-04-28 00:00:00','2016-04-28 00:00:00','0','173710','0','184274','10564','2000','0','8564','T'),
('133','2016-04-01 00:00:00','2016-04-30 00:00:00','0','6737658','0','7096003','358345','276111','0','82234','T'),
('134','2016-01-31 00:00:00','2016-04-30 00:00:00','0','20096918','0','21288052','1191134','823300','885387','1253221','T'),
('135','2016-01-01 00:00:00','2016-04-30 00:00:00','0','20096918','0','21288052','1191134','929998','885387','1146523','T'),
('136','2016-05-01 00:00:00','2016-05-01 00:00:00','0','149760','0','163638','13878','1200','0','12678','T'),
('137','2016-05-02 00:00:00','2016-05-02 00:00:00','0','201818','0','209596','7778','0','0','7778','T'),
('138','2016-05-03 00:00:00','2016-05-03 00:00:00','0','137972','0','139738','1766','0','0','1766','T'),
('139','2016-05-17 00:00:00','2016-05-17 00:00:00','0','295596','0','298160','2564','5190','0','-2626','T'),
('140','2016-05-16 00:00:00','2016-05-16 00:00:00','0','208510','0','218149','9639','3760','0','5879','T'),
('141','2016-05-01 00:00:00','2016-05-17 00:00:00','0','3651964','0','3835164','183200','150526','0','32674','T'),
('142','2016-05-21 00:00:00','2016-05-21 00:00:00','0','191800','0','202058','10258','3220','0','7038','T'),
('143','2016-05-21 00:00:00','2016-05-20 00:00:00','0','473680','0','497356','23676','7740','0','15936','T'),
('144','2016-05-20 00:00:00','2016-05-20 00:00:00','0','281880','0','295298','13418','4520','0','8898','T'),
('145','2016-05-19 00:00:00','2016-05-19 00:00:00','0','238056','0','241237','3181','3260','0','-79','T'),
('146','2016-05-01 00:00:00','2016-05-24 00:00:00','0','5455297','0','5700468','245171','177186','0','67985','T'),
('147','2015-05-27 00:00:00','2016-05-27 00:00:00','0','25907389','0','27360049','1452660','1114724','885387','1223323','T'),
('148','2016-05-01 00:00:00','2016-05-31 00:00:00','0','6955916','0','7295137','339221','341202','0','-1981','T'),
('149','2015-04-29 00:00:00','2016-05-31 00:00:00','0','27052834','0','28583189','1530355','1339033','885387','1076709','T'),
('150','2015-06-02 00:00:00','2016-06-02 00:00:00','0','27287152','0','28822861','1535709','1271200','885387','1149896','T'),
('151','2015-06-11 00:00:00','2016-06-11 00:00:00','0','29360777','0','31003244','1642467','1296996','885387','1230858','T'),
('152','2016-06-01 00:00:00','2016-06-15 00:00:00','0','3064284','0','3215413','151129','73576','0','77553','T'),
('153','2016-06-01 00:00:00','2016-06-26 00:00:00','0','5053939','0','5336718','282779','116956','0','165823','T'),
('154','2016-06-01 00:00:00','2016-06-24 00:00:00','0','4776351','0','5038667','262316','111246','0','151070','T'),
('155','2016-06-01 00:00:00','2016-06-30 00:00:00','0','5589029','0','5907765','318736','266672','0','52064','T'),
('156','2015-06-01 00:00:00','2016-06-30 00:00:00','0','32641863','0','34490954','1849091','1537872','885387','1196606','T'),
('157','2016-06-16 00:00:00','2016-07-03 00:00:00','0','2449538','0','2601700','152162','179136','0','-26974','T'),
('158','2016-05-01 00:00:00','2016-06-30 00:00:00','0','12544945','0','13202902','657957','607874','0','50083','T'),
('159','2016-07-06 00:00:00','2016-07-08 00:00:00','0','1465420','0','1594336','128916','0','0','128916','T'),
('160','2016-07-06 00:00:00','2016-07-06 00:00:00','0','1078560','0','1155762','77202','0','0','77202','T'),
('161','2016-07-06 00:00:00','2016-07-09 00:00:00','0','1792892','0','1957097','164205','15590','0','148615','T'),
('162','2016-07-01 00:00:00','2016-07-09 00:00:00','0','2810905','0','3050049','239144','46940','0','192204','T'),
('163','2016-07-01 00:00:00','2016-07-16 00:00:00','0','3977209','0','4384927','407718','63455','0','344263','T'),
('164','2016-07-22 00:00:00','2016-07-22 00:00:00','0','185640','0','202668','17028','1970','0','15058','T'),
('165','2016-07-24 00:00:00','2016-07-24 00:00:00','0','200600','0','212765','12165','0','0','12165','T'),
('166','2016-07-01 00:00:00','2016-07-24 00:00:00','0','5622844','0','6076422','453578','85140','0','368438','T'),
('167','2016-07-01 00:00:00','2016-07-31 00:00:00','0','6776108','0','7299043','522935','277360','0','245575','T'),
('168','2016-08-01 00:00:00','2016-08-18 00:00:00','0','2713119','0','2899208','186089','91309','0','94780','T'),
('169','2016-06-01 00:00:00','2016-08-31 00:00:00','0','17317320','0','18561830','1244510','685491','0','559019','T'),
('170','2016-08-01 00:00:00','2016-08-31 00:00:00','0','4952183','0','5354627','402444','293853','0','108591','T'),
('171','2016-09-19 00:00:00','2016-09-19 00:00:00','0','76024','0','82745','6721','3300','0','3421','T'),
('172','2015-09-19 00:00:00','2016-09-19 00:00:00','0','47127754','0','50091534','2963780','2201375','885387','1647792','T'),
('173','2016-09-01 00:00:00','2016-09-28 00:00:00','0','5260341','0','5534066','273725','115880','0','157845','T'),
('174','2015-08-01 00:00:00','2016-10-13 00:00:00','0','52309577','0','55390984','3081407','2855747','885387','1111047','T'),
('175','2016-10-13 00:00:00','2016-10-13 00:00:00','0','286000','0','209286','-76714','3170','0','-79884','T'),
('176','2016-10-01 00:00:00','2016-10-31 00:00:00','0','5080308','0','5308993','228685','245797','0','-17112','T'),
('177','2015-10-01 00:00:00','2016-10-31 00:00:00','0','55532208','0','58767529','3235321','3047254','885387','1073454','T'),
('178','2016-10-31 00:00:00','2016-11-11 00:00:00','0','607940','0','641260','33320','119377','0','-86057','T'),
('179','2016-10-31 00:00:00','2016-10-31 00:00:00','0','175104','0','184126','9022','117597','0','-108576','T'),
('180','2016-09-01 00:00:00','2016-09-30 00:00:00','0','6063497','0','6397117','333620','691162','0','-357542','T'),
('181','2016-11-01 00:00:00','2016-11-30 00:00:00','0','4869666','0','5176588','306922','243735','0','63187','T'),
('182','2017-01-01 00:00:00','2017-01-01 00:00:00','0','69300','0','82391','13091','0','0','13091','T'),
('183','2017-01-02 00:00:00','2017-01-02 00:00:00','0','0','0','0','0','0','0','0','T'),
('184','2016-01-06 00:00:00','2017-01-06 00:00:00','0','66953590','0','71200101','4246511','3611127','885387','1520771','T'),
('185','2015-01-10 00:00:00','2016-11-30 00:00:00','0','60385276','0','64058950','3673674','3289867','885387','1269194','T'),
('186','2017-01-11 00:00:00','2017-01-11 00:00:00','0','0','0','0','0','0','0','0','T'),
('187','2017-01-12 00:00:00','2017-01-12 00:00:00','0','0','0','0','0','0','0','0','T'),
('188','2016-12-31 00:00:00','2017-01-12 00:00:00','0','2180530','0','2367166','186636','252295','0','-65659','T'),
('189','2016-12-31 00:00:00','2016-12-31 00:00:00','0','236000','0','255056','19056','198790','0','-179734','T'),
('190','2016-12-01 00:00:00','2016-12-31 00:00:00','0','5918236','0','6451535','533299','307170','0','226129','T'),
('191','2015-12-01 00:00:00','2016-12-31 00:00:00','0','66303512','0','70510485','4206973','3597037','885387','1495323','T'),
('192','2015-01-12 00:00:00','2016-12-31 00:00:00','0','66303512','0','70510485','4206973','3597037','885387','1495323','T'),
('193','2015-01-16 00:00:00','2016-12-31 00:00:00','0','66303512','0','70510485','4206973','3597037','885387','1495323','T'),
('194','2015-01-23 00:00:00','2017-01-23 00:00:00','0','70724876','0','75332340','4607464','3743261','885387','1749590','T'),
('195','2015-01-23 00:00:00','2016-12-31 00:00:00','0','66303512','0','70517033','4213521','3620313','885387','1478595','T'),
('196','2015-01-01 00:00:00','2017-01-27 00:00:00','0','71553879','0','76226710','4672831','3776815','885387','1781403','T'),
('197','2015-01-01 00:00:00','2016-10-11 00:00:00','0','52006595','0','55181698','3175103','2852555','885387','1207935','T'),
('198','2015-01-01 00:00:00','2016-05-18 00:00:00','0','24034986','0','25412537','1377551','1081774','885387','1181164','T'),
('199','2015-12-14 00:00:00','2017-01-29 00:00:00','0','72105177','0','76828396','4723219','3777367','885387','1831239','T'),
('200','2015-01-29 00:00:00','2017-01-29 00:00:00','0','72105177','0','76828396','4723219','3777367','885387','1831239','T'),
('201','2017-01-01 00:00:00','2017-01-31 00:00:00','0','6428913','0','6979203','550290','825948','0','-275658','T'),
('202','2015-02-11 00:00:00','2017-01-31 00:00:00','0','72732425','0','77508013','4775588','4446449','885387','1214526','T'),
('203','2017-01-02 00:00:00','2017-01-31 00:00:00','0','6234333','0','6755699','521366','822803','0','-301437','T'),
('204','2017-02-01 00:00:00','2017-02-16 00:00:00','0','3830532','0','3955163','124631','47404','0','77227','T'),
('205','2017-02-01 00:00:00','2017-02-02 00:00:00','0','343206','0','366053','22847','5630','0','17217','T'),
('206','2017-02-01 00:00:00','2017-02-17 00:00:00','0','4147072','0','4299332','152260','64465','0','87795','T'),
('207','2015-02-19 00:00:00','2017-01-31 00:00:00','0','72732425','0','77507320','4774895','4446449','885387','1213833','T'),
('208','2015-02-19 00:00:00','2016-12-31 00:00:00','0','66303512','0','70528117','4224605','3620501','885387','1489491','T'),
('209','2017-02-01 00:00:00','2017-02-26 00:00:00','0','7130136','0','7496198','366062','80965','0','285097','T'),
('210','2016-11-01 00:00:00','2017-03-01 00:00:00','0','25876375','0','27770478','1894103','1533276','0','360827','T'),
('211','2017-02-01 00:00:00','2017-02-28 00:00:00','0','8660692','0','9111687','450995','134099','0','316896','T'),
('212','2017-03-01 00:00:00','2017-03-25 00:00:00','0','9777235','0','10219900','442665','43480','0','399185','T'),
('213','2017-03-01 00:00:00','2017-03-31 00:00:00','0','14117711','0','14708686','590975','392640','0','198335','T'),
('214','2015-03-01 00:00:00','2017-03-31 00:00:00','0','95416553','0','101335157','5918604','7687123','885387','-883132','T'),
('215','2017-04-01 00:00:00','2017-04-23 00:00:00','0','7610726','0','8116411','505685','123368','0','382317','T'),
('216','2017-03-01 00:00:00','2017-04-30 00:00:00','0','25060951','0','26454467','1393516','751982','0','641534','T'),
('217','2017-04-01 00:00:00','2017-04-30 00:00:00','0','10963263','0','11755111','791848','417377','0','374471','T'),
('218','2015-04-01 00:00:00','2017-04-30 00:00:00','0','106359793','0','113071738','6711945','8046032','885387','-448700','T'),
('219','2017-05-01 00:00:00','2017-05-22 00:00:00','0','7801797','0','8056238','254441','106568','0','147873','T'),
('220','2015-05-01 00:00:00','2017-05-22 00:00:00','0','114161590','0','121131176','6969586','8210635','885387','-355662','T'),
('221','2017-05-01 00:00:00','2017-05-31 00:00:00','0','11753035','0','12515375','762340','342288','0','420052','T'),
('222','2015-05-01 00:00:00','2017-05-31 00:00:00','0','118112828','0','125590158','7477330','8546355','885387','-183638','T'),
('223','2017-06-01 00:00:00','2017-06-28 00:00:00','0','7544698','0','8204170','659472','126408','0','533064','T'),
('224','2017-06-01 00:00:00','2017-06-30 00:00:00','0','9503953','0','10476112','972159','466904','0','505255','T'),
('225','2015-06-01 00:00:00','2017-06-30 00:00:00','0','127616123','0','136066270','8450147','9011927','885387','323607','T'),
('226','2015-07-01 00:00:00','2017-07-31 00:00:00','0','138669121','0','148095304','9426183','10040452','885387','271118','T'),
('227','2017-07-01 00:00:00','2017-07-31 00:00:00','0','11050917','0','11986209','935292','595477','0','339815','T'),
('228','2017-08-01 00:00:00','2017-08-16 00:00:00','0','4327165','0','4691875','364710','126495','0','238215','T'),
('229','2017-08-01 00:00:00','2017-08-21 00:00:00','0','5585069','0','6107312','522243','175819','0','346424','T'),
('230','2015-08-22 00:00:00','2017-08-22 00:00:00','0','144487683','0','154466090','9978407','10663478','885387','200316','T'),
('231','2017-08-01 00:00:00','2017-08-31 00:00:00','0','8143119','0','9107334','964215','528788','0','435427','T'),
('232','2015-09-16 00:00:00','2017-08-31 00:00:00','0','146796973','0','157206328','10409355','10607817','885387','686925','T'),
('233','2015-09-16 00:00:00','2017-10-06 00:00:00','0','149881661','0','160600623','10718962','11165068','885387','439281','T'),
('234','2017-09-01 00:00:00','2017-09-17 00:00:00','0','3483304','0','3842837','359533','557251','0','-197718','T'),
('235','2017-09-01 00:00:00','2017-09-18 00:00:00','0','3483304','0','3842837','359533','557251','0','-197718','T'),
('236','2017-09-01 00:00:00','2017-10-08 00:00:00','0','9252341','0','10154271','901930','688882','0','213048','T'),
('237','2017-09-01 00:00:00','2017-09-30 00:00:00','0','7896505','0','8701919','805414','556160','0','249254','T'),
('238','2015-01-01 00:00:00','2017-10-15 00:00:00','0','158194106','0','169706002','11511896','11341739','885387','1055544','T'),
('239','2017-10-01 00:00:00','2017-10-31 00:00:00','0','7914600','0','8539247','624647','864404','0','-239757','T'),
('240','2017-12-15 00:00:00','2017-12-15 00:00:00','0','303340','0','344792','41452','0','0','41452','T'),
('241','2017-10-01 00:00:00','2017-11-30 00:00:00','0','17606245','0','18924020','1317775','1568659','0','-250884','T'),
('242','2015-12-19 00:00:00','2017-12-19 00:00:00','0','180006777','0','192966479','12959702','13247315','885387','597774','T'),
('243','2015-12-23 00:00:00','2017-12-23 00:00:00','0','181998069','0','195095784','13097715','13247315','885387','735787','T'),
('244','2017-12-26 00:00:00','2017-12-26 00:00:00','0','455536','0','448049','-7487','0','0','-7487','T'),
('245','2015-12-26 00:00:00','2017-12-26 00:00:00','0','184206274','0','197118338','12912064','13301893','885387','495558','T'),
('246','2015-12-26 00:00:00','2017-11-30 00:00:00','0','172312909','0','184819485','12506576','13008106','885387','383857','T'),
('247','2015-12-26 00:00:00','2017-10-31 00:00:00','0','162630680','0','174434776','11804096','12330011','885387','359472','T'),
('248','2015-12-26 00:00:00','2017-09-30 00:00:00','0','154706664','0','165895465','11188801','11746432','885387','327756','T'),
('249','2015-12-26 00:00:00','2017-08-31 00:00:00','0','146810159','0','157193651','10383492','11154132','885387','114747','T'),
('250','2015-12-26 00:00:00','2017-07-31 00:00:00','0','138667040','0','148086522','9419482','10199029','885387','105840','T'),
('251','2017-12-01 00:00:00','2017-12-26 00:00:00','0','11893365','0','12298853','405488','293787','0','111701','T'),
('252','2015-12-01 00:00:00','2017-12-26 00:00:00','0','184206274','0','197118338','12912064','13301893','885387','495558','T'),
('253','2017-12-01 00:00:00','2017-12-27 00:00:00','0','12854004','0','13579170','725166','293787','0','431379','T'),
('254','2015-12-01 00:00:00','2017-12-27 00:00:00','0','185166913','0','198399500','13232587','13301893','885387','816081','T'),
('255','2015-01-01 00:00:00','2018-01-01 00:00:00','0','187867195','0','201347256','13480061','13312953','885387','1052495','T'),
('256','2017-12-01 00:00:00','2017-12-31 00:00:00','0','15596556','0','16529194','932638','753991','0','178647','T'),
('257','2015-12-01 00:00:00','2017-12-31 00:00:00','0','187935052','0','201384239','13449187','13762097','885387','572477','T'),
('258','2015-01-15 00:00:00','2017-10-31 00:00:00','0','162649957','0','174441262','11791305','12330011','885387','346681','T'),
('259','2015-01-15 00:00:00','2017-06-30 00:00:00','0','127618204','0','136109000','8490796','9378103','885387','-1920','T'),
('260','2015-01-16 00:00:00','2018-01-16 00:00:00','0','193526504','0','207474567','13948063','13949776','885387','883674','T'),
('261','2015-01-15 00:00:00','2018-01-15 00:00:00','0','193785924','0','207718113','13932189','13949302','885387','868274','T'),
('262','2015-01-15 00:00:00','2017-12-31 00:00:00','0','187935052','0','201384239','13449187','13761373','885387','573201','T'),
('263','2015-01-21 00:00:00','2017-12-31 00:00:00','0','187935052','0','201401698','13466646','13785286','885387','566747','T'),
('264','2018-01-01 00:00:00','2018-01-31 00:00:00','0','12829676','0','13900616','1070940','864692','0','206248','T'),
('265','2015-01-01 00:00:00','2018-01-31 00:00:00','0','200768278','0','215300015','14531737','14612197','885387','804927','T'),
('266','2018-02-01 00:00:00','2018-02-22 00:00:00','0','9669735','0','10276365','606630','234460','0','372170','T'),
('267','2018-02-01 00:00:00','2018-02-28 00:00:00','0','13586990','0','14377762','790772','377724','0','413048','T'),
('268','2018-03-01 00:00:00','2018-03-20 00:00:00','0','11497340','0','12158100','660760','263610','0','397150','T'),
('269','2018-03-01 00:00:00','2018-03-31 00:00:00','0','17050527','0','18258663','1208136','995299','0','212837','T'),
('270','2015-03-01 00:00:00','2018-03-31 00:00:00','0','231342948','0','248057651','16714703','16763312','885387','836778','T'),
('271','2018-04-01 00:00:00','2018-04-08 00:00:00','0','3259568','0','3654229','394661','26010','0','368651','T'),
('272','2015-04-13 00:00:00','2018-04-13 00:00:00','0','237120878','0','254060538','16939660','17027935','885387','797112','T'),
('273','2015-04-17 00:00:00','2018-04-17 00:00:00','0','239144776','0','256112450','16967674','17069938','885387','783123','T'),
('274','2018-04-01 00:00:00','2018-04-18 00:00:00','0','9595690','0','8981873','-613817','311483','0','-925300','T'),
('275','2018-04-18 00:00:00','2018-04-18 00:00:00','0','501570','0','392550','-109020','6690','0','-115710','T'),
('276','2015-04-18 00:00:00','2018-04-18 00:00:00','0','241060238','0','257039765','15979527','17110956','885387','-246043','T'),
('277','2018-04-01 00:00:00','2018-04-01 00:00:00','0','471652','0','519602','47950','1570','0','46380','T'),
('278','2018-04-01 00:00:00','2018-04-23 00:00:00','0','12272902','0','13116683','843781','383041','0','460740','T'),
('279','2015-04-01 00:00:00','2018-04-23 00:00:00','0','243737450','0','261174575','17437125','17180694','885387','1141817','T'),
('280','2018-04-08 00:00:00','2018-04-23 00:00:00','0','9384810','0','9664112','279302','191244','0','88058','T'),
('281','2018-03-01 00:00:00','2018-04-28 00:00:00','0','32339972','0','34487886','2147914','1425884','0','722030','T'),
('282','2018-04-01 00:00:00','2018-04-28 00:00:00','0','15289445','0','16229223','939778','430444','0','509334','T'),
('283','2018-03-01 00:00:00','2018-04-30 00:00:00','0','34050646','0','36308934','2258288','1830835','0','427453','T'),
('284','2018-04-01 00:00:00','2018-04-30 00:00:00','0','17000119','0','18050271','1050152','835395','0','214757','T'),
('285','2018-05-01 00:00:00','2018-05-08 00:00:00','0','5781166','0','6157973','376807','22486','0','354321','T'),
('286','2015-05-11 00:00:00','2018-04-30 00:00:00','0','248464667','0','266108625','17643958','17630236','885387','899109','T'),
('287','2018-05-01 00:00:00','2018-05-11 00:00:00','0','7265026','0','7702422','437396','120361','0','317035','T'),
('288','2015-05-13 00:00:00','2018-04-30 00:00:00','0','248464667','0','266108625','17643958','18076854','885387','452491','T'),
('289','2015-05-13 00:00:00','2018-05-13 00:00:00','0','256865398','0','275187333','18321935','18219134','885387','988187','T'),
('290','2018-05-01 00:00:00','2018-05-24 00:00:00','0','14396408','0','15076616','680208','224886','0','455322','T'),
('291','2018-05-01 00:00:00','2018-06-01 00:00:00','0','17227515','0','18496290','1268775','395430','0','873345','T'),
('292','2018-05-01 00:00:00','2018-05-31 00:00:00','0','17598551','0','19007450','1408899','1009025','0','399874','T'),
('293','2018-06-01 00:00:00','2018-06-24 00:00:00','0','11482617','0','11919574','436957','332656','0','104301','T'),
('294','2015-06-01 00:00:00','2018-06-24 00:00:00','0','277540190','0','297046422','19506232','19104547','885387','1287072','T'),
('295','2018-06-01 00:00:00','2018-06-30 00:00:00','0','18942741','0','20320258','1377517','867174','0','510343','T'),
('296','2015-06-01 00:00:00','2018-06-30 00:00:00','0','285000314','0','305442042','20441728','19447986','885387','1879129','T'),
('297','2018-07-01 00:00:00','2018-07-14 00:00:00','0','7373939','0','8055707','681768','212552','0','469216','T'),
('298','2015-07-01 00:00:00','2018-07-14 00:00:00','0','292374253','0','313497748','21123495','19721956','885387','2286926','T'),
('299','2018-07-01 00:00:00','2018-07-23 00:00:00','0','11545998','0','13083938','1537940','442881','0','1095059','T'),
('300','2018-07-01 00:00:00','2018-07-31 00:00:00','0','14478969','0','16461991','1983022','1028576','0','954446','T'),
('301','2015-07-01 00:00:00','2018-07-31 00:00:00','0','299574017','0','321758629','22184612','20273191','885387','2796808','T'),
('302','2015-07-01 00:00:00','2018-06-30 00:00:00','0','285047822','0','305442042','20394220','19552992','885387','1726615','T'),
('303','2015-07-01 00:00:00','2018-05-31 00:00:00','0','266057573','0','285121783','19064210','18683230','885387','1266367','T'),
('304','2015-07-01 00:00:00','2018-03-31 00:00:00','0','231459186','0','248069836','16610650','16788211','885387','707826','T'),
('305','2015-07-01 00:00:00','2018-01-31 00:00:00','0','200764728','0','215311280','14546552','14850938','885387','581001','T'),
('306','2015-07-01 00:00:00','2017-12-31 00:00:00','0','187935052','0','201410665','13475613','13986246','885387','374754','T'),
('307','2015-07-01 00:00:00','2017-09-30 00:00:00','0','154725545','0','165901762','11176217','11748972','885387','312632','T'),
('308','2015-07-01 00:00:00','2017-06-30 00:00:00','0','127618204','0','136109253','8491049','9207367','885387','169069','T'),
('309','2015-07-01 00:00:00','2017-04-30 00:00:00','0','106359793','0','113069522','6709729','8300069','885387','-704953','T'),
('310','2015-07-01 00:00:00','2017-01-31 00:00:00','0','72732425','0','77502238','4769813','4668254','885387','986946','T'),
('311','2015-07-01 00:00:00','2016-11-30 00:00:00','0','60385276','0','64065401','3680125','3454088','885387','1111424','T'),
('312','2015-07-01 00:00:00','2016-08-31 00:00:00','0','44371331','0','47141845','2770514','2094306','885387','1561595','T'),
('313','2015-07-01 00:00:00','2016-06-30 00:00:00','0','32641863','0','34491107','1849244','1523672','885387','1210959','T'),
('314','2015-07-01 00:00:00','2016-02-29 00:00:00','0','6170103','0','6646566','476463','298094','885387','1063756','T'),
('315','2015-07-01 00:00:00','2015-12-31 00:00:00','0','0','0','0','0','-3416','0','3416','T'),
('316','2015-07-01 00:00:00','2016-01-31 00:00:00','0','0','0','0','0','-50601','885387','935988','T'),
('317','2015-08-02 00:00:00','2018-08-02 00:00:00','0','299858217','0','322088022','22229805','20810540','885387','2304651','T'),
('318','2018-08-01 00:00:00','2018-08-09 00:00:00','0','2918254','0','3299712','381458','142097','0','239361','T'),
('319','2018-08-01 00:00:00','2018-08-10 00:00:00','0','2922174','0','3305152','382978','142297','0','240681','T'),
('320','2010-08-16 00:00:00','2018-08-16 00:00:00','0','304182539','0','326448410','22265871','20387316','0','1878555','T'),
('321','2018-08-01 00:00:00','2018-08-26 00:00:00','0','7575934','0','8544258','968324','393420','0','574904','T'),
('322','2018-08-26 00:00:00','2018-08-26 00:00:00','0','502660','0','572211','69551','0','0','69551','T'),
('323','2018-08-01 00:00:00','2018-08-31 00:00:00','0','8986314','0','10168594','1182280','932117','0','250163','T'),
('324','2018-09-02 00:00:00','2018-09-02 00:00:00','0','508912','0','597728','88816','1900','0','86916','T'),
('325','2018-08-01 00:00:00','2018-08-01 00:00:00','0','253000','0','295992','42992','4270','0','38722','T'),
('326','2018-08-02 00:00:00','2018-08-02 00:00:00','0','356540','0','401343','44803','4280','0','40523','T'),
('327','2018-09-01 00:00:00','2018-09-07 00:00:00','0','839676','0','959930','120254','129358','0','-9104','T'),
('328','2018-09-01 00:00:00','2018-09-19 00:00:00','0','5748846','0','6702801','953955','190290','0','763665','T'),
('329','2015-09-01 00:00:00','2018-09-19 00:00:00','0','314261951','0','338775428','24513477','21347116','0','3166361','T'),
('330','2018-09-01 00:00:00','2018-09-25 00:00:00','0','8412733','0','9742135','1329402','298475','0','1030927','T'),
('331','2018-09-01 00:00:00','2018-09-26 00:00:00','0','8412733','0','9742135','1329402','298475','0','1030927','T'),
('332','2018-09-07 00:00:00','2018-09-07 00:00:00','0','417920','0','486367','68447','31550','0','36897','T'),
('333','2018-09-27 00:00:00','2018-09-27 00:00:00','0','0','0','0','0','0','0','0','T'),
('334','2018-09-26 00:00:00','2018-09-27 00:00:00','0','144180','0','165904','21724','0','0','21724','T'),
('335','2018-09-01 00:00:00','2018-09-27 00:00:00','0','8556913','0','9908024','1351111','301425','0','1049686','T'),
('336','2015-09-01 00:00:00','2018-09-27 00:00:00','0','317070018','0','341980651','24910633','21458251','0','3452382','T'),
('337','2015-09-27 00:00:00','2018-09-27 00:00:00','0','317382998','0','342343662','24960664','23047966','0','1912699','T'),
('338','2018-09-01 00:00:00','2018-09-30 00:00:00','0','9996747','0','11520666','1523919','1517258','0','6661','T'),
('339','2015-09-01 00:00:00','2018-09-30 00:00:00','0','318489522','0','343572731','25083209','22213729','0','2869481','T'),
('340','2018-10-01 00:00:00','2018-10-06 00:00:00','0','2064180','0','2247263','183083','175406','0','7677','T'),
('341','2018-08-09 00:00:00','2018-10-06 00:00:00','0','18489027','0','21008327','2519300','2135481','0','383819','T'),
('342','2018-10-01 00:00:00','2018-10-30 00:00:00','0','12403744','0','13261152','857408','326023','0','531385','T'),
('343','2018-10-01 00:00:00','2018-10-31 00:00:00','0','12817762','0','13826147','1008385','846567','0','161818','T'),
('344','2018-11-01 00:00:00','2018-11-13 00:00:00','0','8305425','0','7768860','-536565','190124','0','-726689','T'),
('345','2015-11-21 00:00:00','2018-11-21 00:00:00','0','347013405','0','373905556','26892151','25329338','0','1562813','T'),
('346','2018-11-01 00:00:00','2018-11-23 00:00:00','0','18428499','0','19360885','932386','331772','0','600614','T'),
('347','2018-11-01 00:00:00','2018-11-30 00:00:00','0','26566745','0','27764769','1198024','919924','0','278100','T'),
('348','2015-12-03 00:00:00','2018-12-03 00:00:00','0','358842872','0','385884756','27041884','24056667','0','2985217','T'),
('349','2015-11-01 00:00:00','2018-12-08 00:00:00','0','363610297','0','391317859','27707562','24523766','0','3183796','T'),
('350','2018-12-01 00:00:00','2018-12-20 00:00:00','0','12477090','0','12933941','456851','330993','0','125858','T'),
('351','2015-12-24 00:00:00','2018-12-24 00:00:00','0','372489665','0','400218023','27728358','26709892','0','1018466','T'),
('352','2018-12-01 00:00:00','2018-12-25 00:00:00','0','16133254','0','17531555','1398301','369123','0','1029178','T'),
('353','2015-12-01 00:00:00','2018-12-25 00:00:00','0','374027613','0','402732908','28705295','26737744','0','1967551','T'),
('354','2018-12-23 00:00:00','2018-12-23 00:00:00','0','709282','0','822027','112745','10350','0','102395','T'),
('355','2018-12-24 00:00:00','2018-12-24 00:00:00','0','583098','0','644904','61806','19184','0','42622','T'),
('356','2018-12-22 00:00:00','2018-12-22 00:00:00','0','891794','0','973545','81751','2376','0','79375','T'),
('357','2018-12-21 00:00:00','2018-12-21 00:00:00','0','412542','0','459786','47244','5600','0','41644','T'),
('358','2018-12-01 00:00:00','2018-12-28 00:00:00','0','17760284','0','19369054','1608770','376459','0','1232311','T'),
('359','2018-12-01 00:00:00','2018-12-29 00:00:00','0','17760284','0','19369054','1608770','376459','0','1232311','T'),
('360','2018-12-01 00:00:00','2018-12-31 00:00:00','0','19579343','0','21386805','1807462','946804','0','860658','T'),
('361','2015-12-01 00:00:00','2018-12-31 00:00:00','0','377480806','0','406582218','29101412','27315028','0','1786384','T'),
('362','2015-01-10 00:00:00','2019-01-10 00:00:00','0','381223238','0','410760132','29536894','27622411','0','1914483','T'),
('363','0158-01-10 00:00:00','2019-01-10 00:00:00','0','381223238','0','410760132','29536894','27622411','0','1914483','T'),
('364','2015-01-14 00:00:00','2019-01-14 00:00:00','0','383136581','0','412889672','29753091','28034664','0','1718427','T'),
('365','2019-01-01 00:00:00','2019-01-14 00:00:00','0','5655775','0','6307297','651522','210985','0','440537','T'),
('366','2019-01-13 00:00:00','2019-01-13 00:00:00','0','341815','0','400480','58665','6090','0','52575','T'),
('367','2019-01-01 00:00:00','2019-01-16 00:00:00','0','6822671','0','7622598','799927','230217','0','569710','T'),
('368','2015-01-01 00:00:00','2019-01-16 00:00:00','0','384303477','0','414205521','29902044','28059777','0','1842267','T'),
('369','2015-01-25 00:00:00','2019-01-25 00:00:00','0','389033471','0','419317032','30283561','28194094','0','2089467','T'),
('370','2019-01-01 00:00:00','2019-01-25 00:00:00','0','11543478','0','12735282','1191804','364534','0','827270','T'),
('371','2018-12-01 00:00:00','2019-01-31 00:00:00','0','33920338','0','37115173','3194835','1560936','0','1633898','T'),
('372','2019-01-01 00:00:00','2019-01-31 00:00:00','0','14331808','0','15728801','1396993','626102','0','770892','T'),
('373','2019-02-01 00:00:00','2019-02-03 00:00:00','0','1223950','0','1339241','115291','-396','0','115687','T'),
('374','2019-01-01 00:00:00','2019-02-08 00:00:00','0','18974179','0','20797495','1823316','1167084','0','656232','T'),
('375','2019-02-01 00:00:00','2019-02-08 00:00:00','0','4503831','0','4928596','424765','129067','0','295698','T'),
('376','2019-02-01 00:00:00','2019-02-18 00:00:00','0','10178849','0','11029972','851123','245129','0','605994','T'),
('377','2019-02-01 00:00:00','2019-02-23 00:00:00','0','13191428','0','14186819','995391','534235','0','461156','T'),
('378','2019-02-01 00:00:00','2019-02-27 00:00:00','0','20894341','0','22183282','1288941','625832','0','663109','T'),
('379','2019-02-01 00:00:00','2019-02-28 00:00:00','0','23149294','0','24499735','1350441','632718','0','717723','T'),
('380','2015-02-01 00:00:00','2019-02-28 00:00:00','0','415109635','0','446950384','31840749','29526705','0','2314044','T'),
('381','2015-03-16 00:00:00','2019-03-16 00:00:00','0','427925545','0','460498281','32572736','31399776','0','1172960','T'),
('382','2019-03-01 00:00:00','2019-03-27 00:00:00','0','19975756','0','21207871','1232115','2225846','0','-993731','T'),
('383','2015-03-01 00:00:00','2019-03-27 00:00:00','0','435085391','0','468158255','33072864','31692273','0','1380591','T'),
('384','2019-04-01 00:00:00','2019-04-04 00:00:00','0','1677033','0','1785132','108099','91616','0','16483','T'),
('385','2019-04-01 00:00:00','2019-04-06 00:00:00','0','3025975','0','3103208','77233','121146','0','-43913','T'),
('386','2015-04-11 00:00:00','2019-04-11 00:00:00','0','445787741','0','479635251','33847510','32098062','0','1749448','T'),
('387','2019-04-01 00:00:00','2019-04-11 00:00:00','0','7488124','0','8032813','544689','270081','0','274608','T'),
('388','2019-04-01 00:00:00','2019-04-15 00:00:00','0','11111487','0','11849473','737986','618041','0','119945','T'),
('389','2019-03-01 00:00:00','2019-03-31 00:00:00','0','23281962','0','24765581','1483619','2788870','0','-1305251','T'),
('390','2019-04-01 00:00:00','2019-04-20 00:00:00','0','15350809','0','16039784','688975','691431','0','-2456','T'),
('391','2015-02-01 00:00:00','2019-04-22 00:00:00','0','456118685','0','490455532','34336847','33429207','0','907640','T'),
('392','2019-04-01 00:00:00','2019-04-23 00:00:00','0','17819068','0','18839512','1020444','814145','0','206299','T'),
('393','2019-04-01 00:00:00','2019-04-30 00:00:00','0','34946433','0','36277036','1330603','1261436','0','69167','T'),
('394','2015-05-08 00:00:00','2019-05-09 00:00:00','0','478643959','0','512338979','33695020','34102955','0','-407935','T'),
('395','2019-05-01 00:00:00','2019-05-12 00:00:00','0','6538015','0','5639283','-898732','271437','0','-1170169','T'),
('396','2019-05-01 00:00:00','2019-05-31 00:00:00','0','16375930','0','17617720','1241790','834202','0','407588','T'),
('397','2015-05-01 00:00:00','2019-05-31 00:00:00','0','489626892','0','525510486','35883594','34702100','0','1181494','T'),
('398','2019-06-01 00:00:00','2019-06-18 00:00:00','0','14349202','0','13054792','-1294410','631017','0','-1925427','T'),
('399','2019-06-01 00:00:00','2019-06-01 00:00:00','0','1159042','0','1225394','66352','9454','0','56898','T'),
('400','2019-06-01 00:00:00','2019-06-05 00:00:00','0','4329455','0','4685525','356070','58914','0','297156','T'),
('401','2019-06-01 00:00:00','2019-06-10 00:00:00','0','10653508','0','8841673','-1811835','232627','0','-2044462','T'),
('402','2019-06-01 00:00:00','2019-06-08 00:00:00','0','6471959','0','7052554','580595','206403','0','374192','T'),
('403','2019-06-01 00:00:00','2019-06-09 00:00:00','0','9795340','0','7933670','-1861670','216643','0','-2078313','T'),
('404','2015-06-21 00:00:00','2019-06-21 00:00:00','0','505457553','0','540364801','34907248','35559610','0','-652362','T'),
('405','2019-06-01 00:00:00','2019-06-22 00:00:00','0','13732641','0','15324874','1592233','842366','0','749867','T'),
('406','2019-06-08 00:00:00','2019-06-08 00:00:00','0','845040','0','923139','78099','94139','0','-16040','T'),
('407','2019-06-09 00:00:00','2019-06-09 00:00:00','0','803381','0','881117','77736','10240','0','67496','T'),
('408','2019-06-23 00:00:00','2019-06-23 00:00:00','0','0','0','0','0','0','0','0','T'),
('409','2019-06-22 00:00:00','2019-06-22 00:00:00','0','409200','0','470559','61359','12008','0','49351','T'),
('410','2015-06-23 00:00:00','2019-06-23 00:00:00','0','503816257','0','541383831','37567574','35596973','0','1970601','T'),
('411','2019-06-01 00:00:00','2019-06-23 00:00:00','0','13778025','0','15391540','1613515','833064','0','780451','T'),
('412','2019-06-01 00:00:00','2019-06-29 00:00:00','0','20052266','0','24311307','4259041','930503','0','3328538','T'),
('413','2019-06-01 00:00:00','2019-06-13 00:00:00','0','9792488','0','10693346','900858','573267','0','327591','T'),
('414','2019-06-01 00:00:00','2019-06-15 00:00:00','0','10584020','0','11577983','993963','594491','0','399472','T'),
('415','2019-06-01 00:00:00','2019-06-20 00:00:00','0','12955958','0','14287470','1331512','706362','0','625150','T'),
('416','2019-06-01 00:00:00','2019-06-24 00:00:00','0','14947845','0','16687888','1740043','854644','0','885399','T'),
('417','2019-06-01 00:00:00','2019-06-25 00:00:00','0','15561163','0','17814645','2253482','865684','0','1387798','T'),
('418','2019-06-01 00:00:00','2019-06-26 00:00:00','0','16137457','0','19099406','2961949','898013','0','2063936','T'),
('419','2019-06-26 00:00:00','2019-06-26 00:00:00','0','576294','0','1284762','708468','32329','0','676139','T'),
('420','2019-06-01 00:00:00','2019-06-30 00:00:00','0','22625502','0','24858248','2232746','739950','0','1492796','T'),
('421','2019-06-01 00:00:00','2019-07-01 00:00:00','0','22564433','0','24803388','2238955','639950','0','1599005','T'),
('422','2019-07-01 00:00:00','2019-07-08 00:00:00','0','7708906','0','8110119','401213','151312','0','249901','T'),
('423','2015-07-01 00:00:00','2019-07-08 00:00:00','0','520096454','0','558480088','38383634','35993745','0','2389889','T'),
('424','2019-07-01 00:00:00','2019-07-18 00:00:00','0','13302263','0','14266979','964716','264216','0','700500','T'),
('425','2015-07-19 00:00:00','2019-07-19 00:00:00','0','525689811','0','564636948','38947137','36104165','0','2842972','T'),
('426','2019-07-01 00:00:00','2019-07-19 00:00:00','0','13302263','0','14266979','964716','264216','0','700500','T'),
('427','2019-07-01 00:00:00','2019-07-29 00:00:00','0','18511328','0','19919948','1408620','548857','0','859763','T'),
('428','2015-07-29 00:00:00','2019-07-29 00:00:00','0','531471068','0','570900734','39429666','36398806','0','3030859','T'),
('429','2019-08-01 00:00:00','2019-08-07 00:00:00','0','3754916','0','3971381','216465','214146','0','2319','T'),
('430','2019-08-01 00:00:00','2019-08-15 00:00:00','0','8196513','0','8609526','413013','267672','0','145341','T'),
('431','2019-08-01 00:00:00','2019-08-18 00:00:00','0','11147592','0','11757529','609937','339826','0','270111','T'),
('432','2019-08-18 00:00:00','2019-08-18 00:00:00','0','438170','0','482527','44357','0','0','44357','T'),
('433','2019-08-18 00:00:00','2019-08-19 00:00:00','0','658000','0','709898','51898','10250','0','41648','T'),
('434','2019-08-01 00:00:00','2019-08-25 00:00:00','0','14957889','0','15759537','801648','514772','0','286876','T'),
('435','2019-08-24 00:00:00','2019-08-25 00:00:00','0','621470','0','670168','48698','12700','0','35998','T'),
('436','2015-08-24 00:00:00','2019-08-25 00:00:00','0','547531236','0','587773026','40241790','36893288','0','3348502','T'),
('437','2019-08-01 00:00:00','2019-08-30 00:00:00','0','23108120','0','24293490','1185370','659268','0','526102','T'),
('438','2019-08-01 00:00:00','2019-09-01 00:00:00','0','28865184','0','30250375','1385191','675032','0','710159','T'),
('439','2019-09-01 00:00:00','2019-09-12 00:00:00','0','13397940','0','13794378','396438','353203','0','43235','T'),
('440','2019-08-01 00:00:00','2019-08-31 00:00:00','0','28864894','0','30251200','1386306','981354','0','404953','T'),
('441','2019-07-01 00:00:00','2019-07-31 00:00:00','0','20186549','0','21644324','1457775','530483','0','927292','T'),
('442','2015-07-01 00:00:00','2019-07-31 00:00:00','0','532573347','0','572013489','39440142','36377348','0','3062794','T'),
('443','2019-09-01 00:00:00','2019-09-16 00:00:00','0','16313790','0','16799185','485395','477068','0','8327','T'),
('444','2019-09-23 00:00:00','2019-09-23 00:00:00','0','0','0','0','0','0','0','0','T'),
('445','2019-09-24 00:00:00','2019-09-24 00:00:00','0','652615','0','680612','27997','28762','0','-765','T'),
('446','2019-09-01 00:00:00','2019-09-25 00:00:00','0','22756517','0','23458531','702014','688543','0','13471','T'),
('447','2015-09-01 00:00:00','2019-09-25 00:00:00','0','584211383','0','625739271','41527888','37701439','0','3826449','T'),
('448','2015-09-25 00:00:00','2019-09-25 00:00:00','0','584769921','0','626329445','41559524','39795841','0','1763683','T'),
('449','2015-09-26 00:00:00','2019-09-26 00:00:00','0','584769921','0','626329445','41559524','39933267','0','1626257','T'),
('450','2019-09-01 00:00:00','2019-09-26 00:00:00','0','23653455','0','24399222','745767','255476','0','490291','T'),
('451','2015-09-01 00:00:00','2019-09-26 00:00:00','0','585108321','0','626679962','41571641','40341401','0','1230240','T'),
('452','2019-09-01 00:00:00','2019-09-29 00:00:00','0','26929241','0','27792700','863459','757176','0','106283','T'),
('453','2015-09-01 00:00:00','2019-09-29 00:00:00','0','588384107','0','630073440','41689333','40375843','0','1313489','T'),
('454','2016-09-29 00:00:00','2019-09-29 00:00:00','0','538854811','0','577497474','38642663','38349064','0','293600','T'),
('455','2016-01-01 00:00:00','2019-09-29 00:00:00','0','588384107','0','630073440','41689333','40375843','0','1313489','T'),
('456','2015-09-29 00:00:00','2019-09-29 00:00:00','0','588384107','0','630073440','41689333','40806736','0','882597','T'),
('457','2015-09-30 00:00:00','2019-09-30 00:00:00','0','588384107','0','630073440','41689333','40813546','0','875787','T'),
('458','2015-07-29 00:00:00','2019-09-29 00:00:00','0','588384107','0','630073440','41689333','41542849','0','146484','T'),
('459','2019-09-01 00:00:00','2019-09-30 00:00:00','0','27622272','0','28524324','902052','976196','0','-74144','T'),
('460','2019-09-07 00:00:00','2019-10-03 00:00:00','0','22848978','0','23627989','779011','632025','0','146986','T'),
('461','2019-10-01 00:00:00','2019-10-16 00:00:00','0','8129533','0','8668208','538675','296753','0','241922','T'),
('462','2015-10-01 00:00:00','2019-10-16 00:00:00','0','597190046','0','639457222','42267176','42321881','0','-54705','T'),
('463','2019-05-18 00:00:00','2019-10-24 00:00:00','0','118469455','0','125549404','7079949','5284779','0','1795170','T'),
('464','2019-10-01 00:00:00','2019-10-25 00:00:00','0','12980468','0','13663021','682553','513521','0','169032','T'),
('465','2019-10-01 00:00:00','2019-10-27 00:00:00','0','14127151','0','14924668','797517','638514','0','159003','T'),
('466','2019-10-01 00:00:00','2019-10-31 00:00:00','0','17176715','0','18421774','1245059','1021147','0','223912','T'),
('467','2019-11-01 00:00:00','2019-11-09 00:00:00','0','11567436','0','11940524','373088','100671','0','272417','T'),
('468','2019-11-01 00:00:00','2019-11-12 00:00:00','0','19378906','0','20283409','904503','292629','0','611874','T'),
('469','2019-11-12 00:00:00','2019-11-12 00:00:00','0','412338','0','457264','44926','30704','0','14222','T'),
('470','2019-11-11 00:00:00','2019-11-11 00:00:00','0','935082','0','1025991','90909','11070','0','79839','T'),
('471','2019-11-10 00:00:00','2019-11-10 00:00:00','0','1438986','0','1561664','122678','10680','0','111998','T'),
('472','2019-11-01 00:00:00','2019-11-18 00:00:00','0','25868228','0','26700950','832722','385259','0','447463','T'),
('473','2019-11-01 00:00:00','2019-11-24 00:00:00','0','31067364','0','32185762','1118398','375249','0','743149','T'),
('474','2019-11-23 00:00:00','2019-11-23 00:00:00','0','997586','0','1047864','50278','-46290','0','96568','T'),
('475','2019-11-01 00:00:00','2019-12-01 00:00:00','0','36213002','0','37722558','1509556','650382','0','859174','T'),
('476','2019-12-01 00:00:00','2019-12-01 00:00:00','0','613019','0','688252','75233','13570','0','61663','T'),
('477','2019-11-30 00:00:00','2019-12-01 00:00:00','0','384100','0','446151','62051','12550','0','49501','T'),
('478','2015-01-01 00:00:00','2019-12-01 00:00:00','0','642713432','0','686933346','44219914','43879583','0','340331','T'),
('479','2019-12-01 00:00:00','2019-12-10 00:00:00','0','6267435','0','6694099','426664','290946','0','135718','T'),
('480','2019-12-01 00:00:00','2019-12-12 00:00:00','0','8730881','0','9361275','630394','246751','0','383643','T'),
('481','2019-12-01 00:00:00','2019-12-14 00:00:00','0','9443201','0','10145154','701953','494816','0','207137','T'),
('482','2019-12-01 00:00:00','2019-12-15 00:00:00','0','10373701','0','11176517','802816','1555616','0','-752800','T'),
('483','2019-12-01 00:00:00','2019-12-18 00:00:00','0','12818237','0','13849711','1031474','1633754','0','-602280','T'),
('484','2019-12-17 00:00:00','2019-12-17 00:00:00','0','446136','0','495544','49408','51555','0','-2147','T'),
('485','2018-12-17 00:00:00','2018-12-17 00:00:00','0','500660','0','536253','35593','16725','0','18868','T'),
('486','2014-12-21 00:00:00','2019-12-21 00:00:00','0','656813192','0','702798920','45985728','45928692','0','57036','T'),
('487','2019-12-01 00:00:00','2019-12-28 00:00:00','0','21809826','0','23528447','1718621','1886078','0','-167457','T'),
('488','2019-12-01 00:00:00','2019-12-29 00:00:00','0','22940136','0','24354142','1414006','1897298','0','-483292','T'),
('489','2019-12-01 00:00:00','2019-12-30 00:00:00','0','22940136','0','24354142','1414006','1897298','0','-483292','T'),
('490','2019-12-29 00:00:00','2019-12-29 00:00:00','0','1130310','0','825695','-304615','11220','0','-315835','T'),
('491','2019-12-01 00:00:00','2019-12-31 00:00:00','0','31714116','0','33714393','2000277','2306890','0','-306613','T'),
('492','2020-01-01 00:00:00','2020-01-01 00:00:00','0','0','0','0','0','0','0','0','T'),
('493','2020-01-01 00:00:00','2020-01-09 00:00:00','0','9516607','0','9845926','329319','238070','0','91249','T'),
('494','2020-01-01 00:00:00','2020-01-12 00:00:00','0','12505563','0','12986314','480751','323670','0','157081','T'),
('495','2020-01-01 00:00:00','2020-01-22 00:00:00','0','19242974','0','20127279','884305','517373','0','366932','T'),
('496','2020-01-01 00:00:00','2020-01-26 00:00:00','0','23624119','0','24633094','1008975','631228','0','377747','T'),
('497','2020-01-25 00:00:00','2020-01-25 00:00:00','0','1417122','0','1443939','26817','10100','0','16717','T'),
('498','2020-01-24 00:00:00','2020-01-24 00:00:00','0','1105724','0','1133064','27340','11350','0','15990','T'),
('499','2020-01-01 00:00:00','2020-01-31 00:00:00','0','28653590','0','29858383','1204793','1073983','0','130810','T'),
('500','2014-02-08 00:00:00','2020-02-08 00:00:00','0','709204313','0','757575643','48371330','47883724','0','487606','T'),
('501','2020-02-08 00:00:00','2020-02-08 00:00:00','0','582195','0','646421','64226','3040','0','61186','T'),
('502','2014-02-11 00:00:00','2020-02-11 00:00:00','0','710526313','0','758970183','48443870','49233509','0','-789639','T'),
('503','2020-02-01 00:00:00','2020-02-15 00:00:00','0','10580808','0','11160332','579524','701572','0','-122048','T'),
('504','2020-02-01 00:00:00','2020-02-17 00:00:00','0','11251908','0','11884032','632124','713742','0','-81618','T'),
('505','2020-03-01 00:00:00','2020-03-09 00:00:00','0','7474015','0','7879998','405983','335432','0','70551','T'),
('506','2020-03-16 00:00:00','2020-03-16 00:00:00','0','1071680','0','1087096','15416','0','0','15416','T'),
('507','2014-03-23 00:00:00','2020-03-23 00:00:00','0','747109106','0','797780506','50671400','49441263','0','1230137','T'),
('508','2020-03-01 00:00:00','2020-03-25 00:00:00','0','21351148','0','22673280','1322132','829380','0','492752','T'),
('509','2020-03-01 00:00:00','2020-03-26 00:00:00','0','21589758','0','23067299','1477541','844680','0','632861','T'),
('510','2020-03-25 00:00:00','2020-03-25 00:00:00','0','453400','0','489370','35970','15300','0','20670','T'),
('511','2020-02-01 00:00:00','2020-02-29 00:00:00','0','23848283','0','25243163','1394880','1240824','0','154056','T'),
('512','2020-03-01 00:00:00','2020-03-28 00:00:00','0','21682738','0','23194864','1512126','844680','0','667446','T'),
('513','2020-03-01 00:00:00','2020-04-01 00:00:00','0','23419144','0','24939731','1520587','908910','0','611677','T'),
('514','2014-02-01 00:00:00','2020-04-04 00:00:00','0','751341343','0','802446195','51104852','49822501','0','1282351','T'),
('515','2020-04-02 00:00:00','2020-04-04 00:00:00','0','768534','0','811358','42824','17100','0','25724','T'),
('516','2020-04-01 00:00:00','2020-04-09 00:00:00','0','3101902','0','3366279','264377','169990','0','94387','T'),
('517','2020-03-01 00:00:00','2020-03-31 00:00:00','0','23410742','0','25031060','1620318','1261472','0','358846','T'),
('518','2014-03-01 00:00:00','2020-03-31 00:00:00','0','750208600','0','801251815','51043215','50642063','0','401153','T'),
('519','2014-04-10 00:00:00','2019-04-10 00:00:00','0','444759939','0','478580861','33820922','36252200','0','-2431277','T'),
('520','2014-04-10 00:00:00','2020-04-10 00:00:00','0','753741570','0','805100121','51358551','50827053','0','531499','T'),
('521','2014-04-10 00:00:00','2020-03-31 00:00:00','0','750208600','0','801251815','51043215','50642063','0','401153','T'),
('522','2020-04-11 00:00:00','2020-04-11 00:00:00','0','0','0','0','0','0','0','0','T'),
('523','2020-04-13 00:00:00','2020-04-13 00:00:00','0','443346','0','477699','34353','15130','0','19223','T'),
('524','2020-04-01 00:00:00','2020-04-13 00:00:00','0','5006123','0','5498105','491982','291978','0','200004','T'),
('525','2014-04-15 00:00:00','2020-04-15 00:00:00','0','756110913','0','807714273','51603360','50968311','0','635049','T'),
('526','2020-04-01 00:00:00','2020-04-20 00:00:00','0','8977580','0','9758670','781090','435958','0','345132','T'),
('527','2020-04-01 00:00:00','2020-04-23 00:00:00','0','10267412','0','11174995','907583','493678','0','413905','T'),
('528','2020-04-25 00:00:00','2020-04-25 00:00:00','0','151880','0','168143','16263','0','0','16263','T'),
('529','2020-04-01 00:00:00','2020-04-25 00:00:00','0','11364817','0','11941472','576655','493978','0','82677','T'),
('530','2020-04-01 00:00:00','2020-04-26 00:00:00','0','11364817','0','11941472','576655','493978','0','82677','T'),
('531','2020-04-01 00:00:00','2020-04-15 00:00:00','0','6079887','0','6635234','555347','326448','0','228899','T'),
('532','2020-04-01 00:00:00','2020-04-18 00:00:00','0','7569545','0','8272283','702738','376258','0','326480','T'),
('533','2020-04-01 00:00:00','2020-04-22 00:00:00','0','9820952','0','10692456','871504','476278','0','395226','T'),
('534','2020-04-01 00:00:00','2020-04-24 00:00:00','0','10724162','0','11653520','929358','493978','0','435380','T'),
('535','2020-04-24 00:00:00','2020-04-26 00:00:00','0','1097405','0','766477','-330928','300','0','-331228','T'),
('536','2020-04-24 00:00:00','2020-04-24 00:00:00','0','456750','0','478524','21774','300','0','21474','T'),
('537','2020-04-01 00:00:00','2020-04-28 00:00:00','0','12356760','0','13424714','1067954','629035','0','438919','T'),
('538','2020-04-01 00:00:00','2020-03-31 00:00:00','0','700319','0','759851','59532','352062','0','-292530','T'),
('539','2020-05-02 00:00:00','2020-05-02 00:00:00','0','383660','0','386578','2918','33190','0','-30272','T'),
('540','2020-05-03 00:00:00','2020-05-03 00:00:00','0','340686','0','351145','10459','15850','0','-5391','T'),
('541','2020-04-01 00:00:00','2020-04-30 00:00:00','0','14089014','0','15240409','1151395','671655','0','479740','T'),
('542','2020-05-01 00:00:00','2020-05-10 00:00:00','0','6945101','0','7209190','264089','293792','0','-29703','T'),
('543','2020-05-01 00:00:00','2020-05-17 00:00:00','0','12009449','0','12484961','475512','427757','0','47755','T'),
('544','2020-05-15 00:00:00','2020-05-15 00:00:00','0','824208','0','860685','36477','7460','0','29017','T'),
('545','2020-05-01 00:00:00','2020-05-19 00:00:00','0','13817169','0','14378947','561778','468207','0','93571','T'),
('546','2020-05-01 00:00:00','2020-05-27 00:00:00','0','24605837','0','25496095','890258','744823','0','145435','T'),
('547','2020-05-26 00:00:00','2020-05-26 00:00:00','0','1042492','0','1130886','88394','46640','0','41754','T'),
('548','2020-05-01 00:00:00','2020-05-01 00:00:00','0','615020','0','653022','38002','20','0','37982','T'),
('549','2020-05-14 00:00:00','2020-05-14 00:00:00','0','892412','0','918602','26190','15250','0','10940','T'),
('550','2020-05-27 00:00:00','2020-05-27 00:00:00','0','568310','0','612425','44115','15580','0','28535','T'),
('551','2020-06-07 00:00:00','2020-06-07 00:00:00','0','683006','0','747629','64623','15420','0','49203','T'),
('552','2020-06-01 00:00:00','2020-06-08 00:00:00','0','5541466','0','5744010','202544','127148','0','75396','T'),
('553','2020-01-01 00:00:00','2020-06-08 00:00:00','0','124776661','0','131434939','6658278','5854680','0','803598','T'),
('554','2014-01-01 00:00:00','2020-06-08 00:00:00','0','799072646','0','852556016','53483370','52920464','0','562907','T'),
('555','2020-06-01 00:00:00','2020-06-01 00:00:00','0','831730','0','852875','21145','15440','0','5705','T'),
('556','2020-06-02 00:00:00','2020-06-02 00:00:00','0','447952','0','466370','18418','17972','0','446','T'),
('557','2020-06-03 00:00:00','2020-06-03 00:00:00','0','1252996','0','1269266','16270','17310','0','-1040','T'),
('558','2020-06-04 00:00:00','2020-06-04 00:00:00','0','722642','0','735051','12409','25786','0','-13377','T'),
('559','2020-06-06 00:00:00','2020-06-06 00:00:00','0','615960','0','643751','27791','35220','0','-7429','T'),
('560','2020-06-05 00:00:00','2020-06-05 00:00:00','0','987180','0','1029069','41889','0','0','41889','T'),
('561','2020-06-01 00:00:00','2020-06-07 00:00:00','0','5541466','0','5744010','202544','127148','0','75396','T'),
('562','2020-06-15 00:00:00','2020-06-15 00:00:00','0','0','0','0','0','0','0','0','T'),
('563','2020-06-01 00:00:00','2020-06-15 00:00:00','0','12479706','0','13006265','526559','297123','0','229436','T'),
('564','2014-06-23 00:00:00','2020-06-23 00:00:00','0','813865668','0','868117087','54251419','53436524','0','814896','T'),
('565','2020-06-01 00:00:00','2020-06-28 00:00:00','0','25415049','0','26593890','1178841','745432','0','433409','T'),
('566','2020-06-01 00:00:00','2020-06-30 00:00:00','0','27509064','0','28832191','1323127','1084357','0','238770','T'),
('567','2020-07-01 00:00:00','2020-07-14 00:00:00','0','9373179','0','9792817','419638','346576','0','73062','T'),
('568','2020-07-01 00:00:00','2020-07-15 00:00:00','0','10021559','0','10453676','432117','365261','0','66856','T'),
('569','2020-07-01 00:00:00','2020-07-19 00:00:00','0','15297087','0','15937970','640883','469825','0','171058','T'),
('570','2020-07-18 00:00:00','2020-07-18 00:00:00','0','1083558','0','1128746','45188','58870','0','-13682','T'),
('571','2020-07-01 00:00:00','2020-07-24 00:00:00','0','17983221','0','18686586','703365','673633','0','29732','T'),
('572','2014-07-01 00:00:00','2020-07-21 00:00:00','0','837868837','0','893290402','55421565','54170391','0','1251174','T'),
('573','2020-07-01 00:00:00','2020-07-26 00:00:00','0','21323313','0','22282062','958749','796328','0','162421','T'),
('574','2020-07-01 00:00:00','2020-07-31 00:00:00','0','25215258','0','26421221','1205963','1129439','0','76524','T'),
('575','2020-08-15 00:00:00','2020-08-15 00:00:00','0','804516','0','926567','122051','30930','0','91121','T'),
('576','2020-08-01 00:00:00','2020-08-15 00:00:00','0','7581462','0','8220377','638915','433403','0','205512','T'),
('577','2020-07-14 00:00:00','2020-07-14 00:00:00','0','861600','0','915171','53571','18685','0','34886','T'),
('578','2014-08-23 00:00:00','2020-08-23 00:00:00','0','857714494','0','914611754','56897260','55263651','0','1633609','T'),
('579','2020-09-01 00:00:00','2020-09-07 00:00:00','0','4819426','0','5040632','221206','111199','0','110007','T'),
('580','2020-09-01 00:00:00','2020-09-09 00:00:00','0','6712679','0','7075333','362654','143049','0','219605','T'),
('581','2020-08-01 00:00:00','2020-08-31 00:00:00','0','18115909','0','19668724','1552815','1202038','0','350777','T'),
('582','2019-09-01 00:00:00','2020-09-11 00:00:00','0','311366986','0','328228813','16861827','15092489','0','1769338','T'),
('583','2020-09-01 00:00:00','2020-09-11 00:00:00','0','8422885','0','8874568','451683','179009','0','272674','T'),
('584','2020-09-01 00:00:00','2020-09-17 00:00:00','0','15810773','0','16475399','664626','398461','0','266165','T'),
('585','2020-09-01 00:00:00','2020-09-29 00:00:00','0','26185874','0','27345035','1159161','729380','0','429781','T'),
('586','2014-09-01 00:00:00','2020-09-29 00:00:00','0','890556915','0','949079176','58522261','56570987','0','1951274','T'),
('587','2020-10-01 00:00:00','2020-10-11 00:00:00','0','8332635','0','8786484','453849','-124698','0','578547','T'),
('588','2014-10-01 00:00:00','2020-10-11 00:00:00','0','901881140','0','960992554','59111414','56474759','0','2636656','T'),
('589','2020-10-01 00:00:00','2020-10-20 00:00:00','0','19316217','0','20290833','974616','43622','0','930994','T'),
('590','2020-10-01 00:00:00','2020-10-28 00:00:00','0','29807421','0','30948951','1141530','301861','0','839669','T'),
('591','2020-09-01 00:00:00','2020-09-30 00:00:00','0','29221350','0','30481290','1259940','765850','0','494090','T'),
('592','2020-11-01 00:00:00','2020-11-18 00:00:00','0','33154876','0','34087957','933081','439426','0','493654','T'),
('593','2020-11-27 00:00:00','2020-11-27 00:00:00','0','0','0','0','0','0','0','0','T'); 


DROP TABLE IF EXISTS `tbl_cashkharch_tafseel`;
CREATE TABLE `tbl_cashkharch_tafseel` (
  `refno` int(11) DEFAULT '0',
  `kharch_tafseel` varchar(255) DEFAULT NULL,
  `amount` int(11) DEFAULT '0',
  `trial199` char(1) DEFAULT NULL,
  KEY `tbl_cashnotetbl_cashkharch_tafseel` (`refno`),
  CONSTRAINT `tbl_cashnotetbl_cashkharch_tafseel` FOREIGN KEY (`refno`) REFERENCES `tbl_cashnote` (`refno`) ON DELETE NO ACTION ON UPDATE CASCADE
) ENGINE=InnoDB DEFAULT CHARSET=latin1 COMMENT='TRIAL';

INSERT INTO `tbl_cashkharch_tafseel` VALUES ('1',NULL,NULL,'T'),
('1',NULL,NULL,'T'),
('1',NULL,NULL,'T'),
('1',NULL,NULL,'T'),
('1',NULL,NULL,'T'),
('1',NULL,NULL,'T'),
('1',NULL,NULL,'T'); 


DROP TABLE IF EXISTS `tbl_cashnote`;
CREATE TABLE `tbl_cashnote` (
  `refno` int(11) NOT NULL AUTO_INCREMENT,
  `tr_date` datetime DEFAULT NULL,
  `refrence` varchar(255) DEFAULT NULL,
  `remarks` varchar(255) DEFAULT NULL,
  `trial203` char(1) DEFAULT NULL,
  PRIMARY KEY (`refno`)
) ENGINE=InnoDB AUTO_INCREMENT=3 DEFAULT CHARSET=latin1 COMMENT='TRIAL';

INSERT INTO `tbl_cashnote` VALUES ('1','2020-11-01 00:00:00',NULL,NULL,'T'),
('2','2020-11-02 00:00:00',NULL,NULL,'T'); 


DROP TABLE IF EXISTS `tbl_cashtafseel`;
CREATE TABLE `tbl_cashtafseel` (
  `refno` int(11) DEFAULT '0',
  `note_rs` int(11) DEFAULT '0',
  `n_qty` int(11) DEFAULT '0',
  `totalamt` int(11) DEFAULT '0',
  `trial209` char(1) DEFAULT NULL,
  KEY `tbl_cashnotetbl_cashtafseel` (`refno`),
  CONSTRAINT `tbl_cashnotetbl_cashtafseel` FOREIGN KEY (`refno`) REFERENCES `tbl_cashnote` (`refno`) ON DELETE NO ACTION ON UPDATE CASCADE
) ENGINE=InnoDB DEFAULT CHARSET=latin1 COMMENT='TRIAL';

INSERT INTO `tbl_cashtafseel` VALUES ('1','5000','10','50000','T'),
('1','1000','20','20000','T'),
('1','500','10','5000','T'),
('1','100','100','10000','T'),
('1','50','100','5000','T'),
('1','20','0','0','T'),
('1','10','0','0','T'),
('1','5','0','0','T'); 


DROP TABLE IF EXISTS `tbl_dailycashpayment`;
CREATE TABLE `tbl_dailycashpayment` (
  `refno` int(11) NOT NULL AUTO_INCREMENT,
  `tdate` datetime DEFAULT CURRENT_TIMESTAMP,
  `remarks` varchar(255) DEFAULT NULL,
  `totalcashrecv` int(11) DEFAULT NULL,
  `trial212` char(1) DEFAULT NULL,
  PRIMARY KEY (`refno`),
  UNIQUE KEY `idx_refno` (`refno`)
) ENGINE=InnoDB AUTO_INCREMENT=2 DEFAULT CHARSET=latin1 COMMENT='TRIAL';

INSERT INTO `tbl_dailycashpayment` VALUES ('1','2021-02-01 00:00:00',NULL,NULL,'T'); 


DROP TABLE IF EXISTS `tbl_dailycashpaymentdetail`;
CREATE TABLE `tbl_dailycashpaymentdetail` (
  `refno` int(11) DEFAULT NULL,
  `sno` int(11) DEFAULT NULL,
  `account` varchar(255) DEFAULT NULL,
  `amount` int(11) DEFAULT NULL,
  `remarks` varchar(255) DEFAULT NULL,
  `act_code` varchar(255) DEFAULT NULL,
  `current_balance` int(11) DEFAULT NULL,
  `sentstatus` varchar(255) DEFAULT 'No',
  `contactno` varchar(255) DEFAULT NULL,
  `sms` varchar(5) DEFAULT NULL,
  `trial216` char(1) DEFAULT NULL,
  KEY `idx_act_code` (`act_code`)
) ENGINE=InnoDB DEFAULT CHARSET=latin1 COMMENT='TRIAL';



DROP TABLE IF EXISTS `tbl_dailycashrecv`;
CREATE TABLE `tbl_dailycashrecv` (
  `refno` int(11) NOT NULL AUTO_INCREMENT,
  `tdate` datetime DEFAULT NULL,
  `remarks` varchar(255) DEFAULT NULL,
  `totalcashrecv` float DEFAULT NULL,
  `entry_at` timestamp NULL DEFAULT CURRENT_TIMESTAMP,
  `entered_by` varchar(256) NOT NULL,
  `a` int(11) NOT NULL,
  `b` int(11) NOT NULL,
  PRIMARY KEY (`refno`),
  UNIQUE KEY `idx_refno` (`refno`)
) ENGINE=InnoDB AUTO_INCREMENT=28 DEFAULT CHARSET=latin1 COMMENT='TRIAL';

INSERT INTO `tbl_dailycashrecv` VALUES ('1','2020-11-24 00:00:00',NULL,NULL,'0000-00-00 00:00:00','0','0','0'),
('2','2021-04-28 00:00:00','154OK','1500','2021-04-28 00:36:22','admin','0','0'),
('3','2021-04-28 00:00:00','154OK','1500','2021-04-28 00:58:23','admin','0','0'),
('4','2021-04-28 00:00:00','154OK','1500','2021-04-28 00:59:19','admin','0','0'),
('5','2021-04-28 00:00:00','154OK','1500','2021-04-28 00:59:35','admin','0','0'),
('6','2021-04-28 00:00:00','154OK','1500','2021-04-28 00:59:47','admin','0','0'),
('7','2021-04-28 00:00:00','154OK','1500','2021-04-28 00:59:49','admin','0','0'),
('8','2021-04-28 00:00:00','154OK','1500','2021-04-28 00:59:50','admin','0','0'),
('9','2021-04-28 00:00:00','154OK','1500','2021-04-28 00:59:51','admin','0','0'),
('10','2021-04-28 00:00:00','154OK','1500','2021-04-28 00:59:53','admin','0','0'),
('11','2021-04-28 00:00:00','154OK','1500','2021-04-28 00:59:54','admin','0','0'),
('12','2021-04-28 00:00:00','154OK','1500','2021-04-28 00:59:55','admin','0','0'),
('13','2021-04-28 00:00:00','154OK','1500','2021-04-28 00:59:56','admin','0','0'),
('14','2021-04-28 00:00:00','154OK','1500','2021-04-28 00:59:57','admin','0','0'),
('15','2021-04-28 00:00:00','154OK','1500','2021-04-28 01:00:00','admin','0','0'),
('16','2021-04-28 00:00:00','154OK','1500','2021-04-28 01:00:03','admin','0','0'),
('17','2021-04-28 00:00:00','test','2000','2021-04-28 01:03:04','admin','0','0'),
('18','2021-04-28 00:00:00','test','2000','2021-04-28 01:05:30','admin','0','0'),
('19','2021-04-28 00:00:00','test','2000','2021-04-28 01:05:34','admin','0','0'),
('20','2021-04-28 00:00:00','','40','2021-04-28 01:08:17','admin','0','0'),
('21','2021-05-01 00:00:00','remaaa','6000','2021-05-01 03:10:28','admin','0','0'),
('22','2021-05-01 00:00:00','1255','50','2021-05-01 03:11:07','admin','0','0'),
('23','2021-05-01 00:00:00','1255','50','2021-05-01 03:12:08','admin','0','0'),
('24','2021-05-01 00:00:00','1255','50','2021-05-01 03:12:29','admin','0','0'),
('25','2021-05-01 00:00:00','1255','50','2021-05-01 03:13:40','admin','0','0'),
('26','2021-05-01 00:00:00','1255','50','2021-05-01 03:14:45','admin','0','0'),
('27','2021-05-01 00:00:00','1255','50','2021-05-01 03:15:12','admin','0','0'); 


DROP TABLE IF EXISTS `tbl_dailycashrecvdetail`;
CREATE TABLE `tbl_dailycashrecvdetail` (
  `id` int(11) NOT NULL AUTO_INCREMENT,
  `refno` int(11) DEFAULT NULL,
  `accound_id` int(11) DEFAULT NULL,
  `amount` float DEFAULT NULL,
  `remarks` varchar(255) DEFAULT NULL,
  `current_balance` float DEFAULT NULL,
  PRIMARY KEY (`id`),
  KEY `_2c4b6474-2384-48ef-a5aa-905fc4ab1bd5_` (`refno`),
  CONSTRAINT `_2c4b6474-2384-48ef-a5aa-905fc4ab1bd5_` FOREIGN KEY (`refno`) REFERENCES `tbl_dailycashrecv` (`refno`) ON DELETE NO ACTION ON UPDATE CASCADE
) ENGINE=InnoDB AUTO_INCREMENT=26 DEFAULT CHARSET=latin1 COMMENT='TRIAL';

INSERT INTO `tbl_dailycashrecvdetail` VALUES ('1','2','2','1500','OKOK','18360'),
('2','2','2','1500','OKOK','16860'),
('3','2','2','1500','OKOK','15360'),
('4','2','2','1500','OKOK','13860'),
('5','2','2','1500','OKOK','12360'),
('6','2','2','1500','OKOK','10860'),
('7','2','2','1500','OKOK','9360'),
('8','2','2','1500','OKOK','7860'),
('9','2','2','1500','OKOK','6360'),
('10','2','2','1500','OKOK','4860'),
('11','2','2','1500','OKOK','3360'),
('12','2','2','1500','OKOK','1860'),
('13','2','2','1500','OKOK','360'),
('14','2','2','1500','OKOK','-1140'),
('15','17','2','2000','recovery','-2640'),
('16','17','2','2000','recovery','-640'),
('17','17','2','2000','recovery','1360'),
('18','20','7','40','','-95600'),
('19','21','9','6000','','410000'),
('20','22','9','50','','409950'),
('21','22','9','50','','409900'),
('22','22','9','50','','409850'),
('23','22','9','50','','409800'),
('24','22','9','50','','409750'),
('25','22','9','50','','409700'); 


DROP TABLE IF EXISTS `tbl_dailysale`;
CREATE TABLE `tbl_dailysale` (
  `invoice_no` int(11) NOT NULL AUTO_INCREMENT,
  `description` varchar(255) DEFAULT NULL,
  `date` date DEFAULT NULL,
  `supplier_id` int(10) DEFAULT NULL,
  `gari_number` varchar(255) DEFAULT NULL,
  `route` int(11) DEFAULT NULL,
  `supplied_total_weight` int(11) DEFAULT NULL,
  `supplied_less_weight` int(11) DEFAULT NULL,
  `supplied_net_weight` int(11) DEFAULT NULL,
  `total_amount` int(11) DEFAULT NULL,
  `sold_weight` int(11) DEFAULT NULL,
  `sold_amount` int(11) DEFAULT '0',
  `sold_received` int(11) NOT NULL,
  `entry_date` timestamp NOT NULL DEFAULT CURRENT_TIMESTAMP,
  `entered_by` varchar(255) NOT NULL,
  `farm_rate` int(11) NOT NULL,
  `supplier_rate` int(11) NOT NULL,
  `diesel` int(11) NOT NULL,
  `d` int(11) NOT NULL,
  `e` int(11) NOT NULL,
  `f` int(11) NOT NULL,
  PRIMARY KEY (`invoice_no`)
) ENGINE=InnoDB AUTO_INCREMENT=15 DEFAULT CHARSET=latin1 COMMENT='TRIAL';

INSERT INTO `tbl_dailysale` VALUES ('1',NULL,'2021-04-11','2','1766','39','1000','0','978','120000','900','135000','0','2021-04-11 12:10:17','','0','5162','0','0','0','0'),
('2',NULL,'2021-04-12','8','571','48','100','0','98','12000','68','816','0','2021-04-11 12:26:02','','0','0','0','0','0','0'),
('3',NULL,'2021-04-11','3','536523','1','98','6','92','9604','120','191880','66','2021-04-11 12:27:40','','105','52584','100','0','0','0'),
('4',NULL,'2021-04-11','7','16','37','100','2','98','12000','98','914740','0','2021-04-11 13:08:14','admin@admin.com','0','0','210','0','0','0'),
('5',NULL,'0000-00-00','0','','0','0','0','0','0','0','0','0','2021-04-11 13:19:54','admin@admin.com','0','0','5120562','0','0','0'),
('6',NULL,'0000-00-00','0','','0','0','0','0','0','0','0','0','2021-04-11 14:36:36','admin','0','0','62365','0','0','0'),
('7',NULL,'2021-04-11','2','1766','1','100','8','92','9800','92','929200','0','2021-04-11 14:37:45','admin','0','0','525','0','0','0'),
('8',NULL,'2021-04-20','3','1444','3','100','2','98','9500','15','23985','0','2021-04-11 14:55:03','admin','100','95','65412','0','0','0'),
('9',NULL,'2021-04-17','2','1766','1','500','2','498','47500','498','125208','0','2021-04-17 00:18:01','','120','95','626512','0','0','0'),
('10',NULL,'2021-04-25','2','1473','1','100','2','98','9000','98','21752','0','2021-04-25 02:42:55','','95','90','5626592','0','0','0'),
('11',NULL,'2021-04-25','2','1434','1','102','2','100','9180','100','54820','0','2021-04-25 02:53:14','','95','90','52562','0','0','0'),
('12',NULL,'2021-04-30','2','120','1','22','0','22','0','0','0','0','2021-04-30 00:05:39','','0','0','512562','0','0','0'),
('13',NULL,'0000-00-00','0','','0','0','0','0','0','0','0','0','2021-04-30 15:15:36','','0','0','62591','0','0','0'),
('14',NULL,'2021-05-01','2','542','2','200','33','167','36000','167','36865','800','2021-05-01 02:45:32','','195','180','150','0','0','0'); 


DROP TABLE IF EXISTS `tbl_dailysale_sms`;
CREATE TABLE `tbl_dailysale_sms` (
  `refno` int(11) DEFAULT NULL,
  `sno` int(11) DEFAULT NULL,
  `account` varchar(255) NOT NULL,
  `rate` double DEFAULT NULL,
  `qty` double DEFAULT NULL,
  `amount` double DEFAULT '0',
  `previous_balance` int(11) DEFAULT '0',
  `cash_r` int(11) DEFAULT NULL,
  `netbalance` int(11) DEFAULT NULL,
  `remarks` varchar(255) DEFAULT NULL,
  `mobileno` varchar(255) DEFAULT NULL,
  `sentstatus` varchar(255) DEFAULT NULL,
  `trial222` char(1) DEFAULT NULL
) ENGINE=InnoDB DEFAULT CHARSET=latin1 COMMENT='TRIAL';

INSERT INTO `tbl_dailysale_sms` VALUES ('1','22','??????','108.5','10.5','1139.25','0','0','1139','AOA ?????? APKA Sabqa Balance 0 Ab ap ny  10.5 kg lia hai jis ka rate 108.5 Amount 1139.25 Jo raqam jama krwai0 Net Balance1139.25','Missing','No','T'),
('1','23','???? ???????','108','11.5','1242','0','0','1242','AOA ???? ??????? APKA Sabqa Balance 0 Ab ap ny  11.5 kg lia hai jis ka rate 108 Amount 1242 Jo raqam jama krwai0 Net Balance1242','Missing','No','T'),
('1','24','???? ???? ????','108','11','1188','0','0','1188','AOA ???? ???? ???? APKA Sabqa Balance 0 Ab ap ny  11 kg lia hai jis ka rate 108 Amount 1188 Jo raqam jama krwai0 Net Balance1188','03477781270','Yes','T'),
('1','25','????? ????? ????','109','17.5','1907.5','0','0','1908','AOA ????? ????? ???? APKA Sabqa Balance 0 Ab ap ny  17.5 kg lia hai jis ka rate 109 Amount 1907.5 Jo raqam jama krwai0 Net Balance1907.5','03460235195','Yes','T'),
('1','1','????? ????','108','20.5','2214','0','0','2214','AOA ????? ???? APKA Sabqa Balance 0 Ab ap ny  20.5 kg lia hai jis ka rate 108 Amount 2214 Jo raqam jama krwai0 Net Balance2214','03457735379','Yes','T'),
('1','2','???? ???? ????','108','8.5','918','0','0','918','AOA ???? ???? ???? APKA Sabqa Balance 0 Ab ap ny  8.5 kg lia hai jis ka rate 108 Amount 918 Jo raqam jama krwai0 Net Balance918','03457735433','Yes','T'),
('1','3','?????? ??????????','111','16.5','1831.5','0','0','1832','AOA ?????? ?????????? APKA Sabqa Balance 0 Ab ap ny  16.5 kg lia hai jis ka rate 111 Amount 1831.5 Jo raqam jama krwai0 Net Balance1831.5','03497690914','Yes','T'),
('1','4','???? ??? ???? ????','111','35.5','3940.5','0','0','3940','AOA ???? ??? ???? ???? APKA Sabqa Balance 0 Ab ap ny  35.5 kg lia hai jis ka rate 111 Amount 3940.5 Jo raqam jama krwai0 Net Balance3940.5','03434436378','Yes','T'),
('1','5','???? ???? ??? ????????','108','9.5','1026','0','0','1026','AOA ???? ???? ??? ???????? APKA Sabqa Balance 0 Ab ap ny  9.5 kg lia hai jis ka rate 108 Amount 1026 Jo raqam jama krwai0 Net Balance1026','Missing','No','T'),
('1','6','???????? ????','108','13','1404','0','0','1404','AOA ???????? ???? APKA Sabqa Balance 0 Ab ap ny  13 kg lia hai jis ka rate 108 Amount 1404 Jo raqam jama krwai0 Net Balance1404','03458961183','Yes','T'),
('1','7','???????  ??? ????','108','15.5','1674','0','0','1674','AOA ???????  ??? ???? APKA Sabqa Balance 0 Ab ap ny  15.5 kg lia hai jis ka rate 108 Amount 1674 Jo raqam jama krwai0 Net Balance1674','03468603177','Yes','T'),
('1','8','???? ??? ??? ????','112','62','6944','0','0','6944','AOA ???? ??? ??? ???? APKA Sabqa Balance 0 Ab ap ny  62 kg lia hai jis ka rate 112 Amount 6944 Jo raqam jama krwai0 Net Balance6944','03467722834','Yes','T'),
('1','9','????? ??? ????','112','13','1456','0','0','1456','AOA ????? ??? ???? APKA Sabqa Balance 0 Ab ap ny  13 kg lia hai jis ka rate 112 Amount 1456 Jo raqam jama krwai0 Net Balance1456','03457580237','Yes','T'),
('1','10','???? ??? ????','112','21','2352','0','0','2352','AOA ???? ??? ???? APKA Sabqa Balance 0 Ab ap ny  21 kg lia hai jis ka rate 112 Amount 2352 Jo raqam jama krwai0 Net Balance2352','03447534015','Yes','T'),
('1','11','???? ????? ???','112','13.5','1512','0','0','1512','AOA ???? ????? ??? APKA Sabqa Balance 0 Ab ap ny  13.5 kg lia hai jis ka rate 112 Amount 1512 Jo raqam jama krwai0 Net Balance1512','03475526946','Yes','T'),
('1','12','???? ???','109','21','2289','0','0','2289','AOA ???? ??? APKA Sabqa Balance 0 Ab ap ny  21 kg lia hai jis ka rate 109 Amount 2289 Jo raqam jama krwai0 Net Balance2289','03444392743','Yes','T'),
('1','13','???? ??? ????','112','15','1680','0','0','1680','AOA ???? ??? ???? APKA Sabqa Balance 0 Ab ap ny  15 kg lia hai jis ka rate 112 Amount 1680 Jo raqam jama krwai0 Net Balance1680','03414844465','Yes','T'),
('1','14','????? ??????','112','37.5','4200','0','0','4200','AOA ????? ?????? APKA Sabqa Balance 0 Ab ap ny  37.5 kg lia hai jis ka rate 112 Amount 4200 Jo raqam jama krwai0 Net Balance4200','03415817151','Yes','T'),
('1','15','?????????????','111','12','1332','0','0','1332','AOA ????????????? APKA Sabqa Balance 0 Ab ap ny  12 kg lia hai jis ka rate 111 Amount 1332 Jo raqam jama krwai0 Net Balance1332','03457670573','Yes','T'),
('1','16','???? ???????','111','11','1221','0','0','1221','AOA ???? ??????? APKA Sabqa Balance 0 Ab ap ny  11 kg lia hai jis ka rate 111 Amount 1221 Jo raqam jama krwai0 Net Balance1221','03454445847','Yes','T'),
('1','17','???? ???????','108','11.5','1242','0','0','1242','AOA ???? ??????? APKA Sabqa Balance 0 Ab ap ny  11.5 kg lia hai jis ka rate 108 Amount 1242 Jo raqam jama krwai0 Net Balance1242','03464347651','Yes','T'),
('1','18','???? ???? ???? ????','108','18.5','1998','0','0','1998','AOA ???? ???? ???? ???? APKA Sabqa Balance 0 Ab ap ny  18.5 kg lia hai jis ka rate 108 Amount 1998 Jo raqam jama krwai0 Net Balance1998','03424233972','Yes','T'),
('1','19','???? ??? ??? ?????','108','24.5','2646','0','0','2646','AOA ???? ??? ??? ????? APKA Sabqa Balance 0 Ab ap ny  24.5 kg lia hai jis ka rate 108 Amount 2646 Jo raqam jama krwai0 Net Balance2646','03428200614','Yes','T'),
('1','20','???? ??????','112','16.5','1848','0','0','1848','AOA ???? ?????? APKA Sabqa Balance 0 Ab ap ny  16.5 kg lia hai jis ka rate 112 Amount 1848 Jo raqam jama krwai0 Net Balance1848','Missing','No','T'),
('1','21','???? ??? ??????','112','12.5','1400','0','0','1400','AOA ???? ??? ?????? APKA Sabqa Balance 0 Ab ap ny  12.5 kg lia hai jis ka rate 112 Amount 1400 Jo raqam jama krwai0 Net Balance1400','03418709693','Yes','T'); 


DROP TABLE IF EXISTS `tbl_qameti`;
CREATE TABLE `tbl_qameti` (
  `refno` int(11) NOT NULL,
  `cur_month` datetime DEFAULT NULL,
  `remarks` varchar(255) DEFAULT NULL,
  `area` varchar(255) DEFAULT NULL,
  `trial242` char(1) DEFAULT NULL,
  PRIMARY KEY (`refno`)
) ENGINE=InnoDB DEFAULT CHARSET=latin1 COMMENT='TRIAL';

INSERT INTO `tbl_qameti` VALUES ('1','2020-05-01 00:00:00',NULL,'????????','T'),
('2','2020-05-01 00:00:00',NULL,'Shah nikdar Road','T'),
('3','2020-05-01 00:00:00',NULL,' ??? ?????','T'),
('4','2020-05-01 00:00:00',NULL,'Adda Sheikhan Road','T'),
('5','2020-06-01 00:00:00',NULL,'????????','T'),
('6','2020-06-01 00:00:00',NULL,'????????','T'); 


DROP TABLE IF EXISTS `tbl_qametidetail`;
CREATE TABLE `tbl_qametidetail` (
  `refno` int(11) DEFAULT '0',
  `tr_date` datetime DEFAULT NULL,
  `cname` varchar(255) NOT NULL,
  `rate` int(11) DEFAULT '0',
  `weight` int(11) DEFAULT '0',
  `amount` int(11) DEFAULT '0',
  `total` int(11) DEFAULT '0',
  `qameti_balance` int(11) DEFAULT '0',
  `ledger_balance` int(11) DEFAULT '0',
  `banam` int(11) DEFAULT '0',
  `trial242` char(1) DEFAULT NULL,
  KEY `tbl_qametidetailrefno` (`refno`),
  CONSTRAINT `tbl_qametitbl_qametidetail` FOREIGN KEY (`refno`) REFERENCES `tbl_qameti` (`refno`) ON DELETE NO ACTION ON UPDATE NO ACTION
) ENGINE=InnoDB DEFAULT CHARSET=latin1 COMMENT='TRIAL';

INSERT INTO `tbl_qametidetail` VALUES ('1',NULL,'???? ????','3','2876','8628','0','57242','1867708','0','T'),
('1',NULL,'?????? 2 ????????','3','2439','7317','0','194655','1381924','0','T'),
('1',NULL,'???? ???? ????????','3','748','2244','0','12634','339341','0','T'),
('1',NULL,'???? ???? ????????','3','44','132','0','297','21623','0','T'),
('1',NULL,'??????? ??? ????????','5','1008','5040','0','127140','1149628','0','T'),
('1',NULL,'????????? ????????','3','4744','14232','0','85489','1189846','0','T'),
('1',NULL,'????????????????','3','790','2370','0','57501','244478','0','T'),
('1',NULL,'????????? ???','3','2591','7773','0','156600','1148870','0','T'),
('1',NULL,'???? ??? ????????','3','702','2106','0','20335','72875','0','T'),
('1',NULL,'?????? ???','3','488','1464','0','113692','586725','0','T'),
('1',NULL,'????????? ????????','3','2327','6981','0','206034','1126676','0','T'),
('1',NULL,'???? ????? ???','3','850','2550','0','67227','233798','0','T'),
('1',NULL,'???? ?????','0','0','0','0','0','0','0','T'),
('1',NULL,'???? ??? ????????','0','0','0','0','1950','13391','0','T'),
('1',NULL,'?? ?? ????? 2','3','1158','3474','0','39854','96498','0','T'),
('1',NULL,'???? ?????','0','0','0','0','32904','158256','0','T'),
('1',NULL,'???? ??? ????????','3','1156','3468','0','22948','89598','0','T'),
('1',NULL,'???? ??? ????????','0','452','0','0','1654','4874','0','T'),
('2',NULL,'????129','0','0','0','0','0','165095','0','T'),
('2',NULL,'????? 133','0','0','0','0','0','679738','0','T'),
('2',NULL,'??? ????152?','0','0','0','0','0','120036','0','T'),
('2',NULL,'????? ??? ????','0','0','0','0','0','414757','0','T'),
('2',NULL,'???? ???? ????','0','0','0','0','0','150642','0','T'),
('2',NULL,'????? ???? ????','0','0','0','0','0','47506','0','T'),
('2',NULL,'???? ??? ????','0','0','0','0','0','278864','0','T'),
('2',NULL,'???? ??? ???? ??? ?????','0','0','0','0','0','193345','0','T'),
('2',NULL,'??? ????? ??? ????','0','0','0','0','0','63632','0','T'),
('2',NULL,'??????? ?????','0','0','0','0','0','197058','0','T'),
('2',NULL,'???? ???????','0','0','0','0','0','354376','0','T'),
('2',NULL,'???????? ???????','0','0','0','0','0','256010','0','T'),
('2',NULL,'??????? ??? ??? ????','0','0','0','0','0','133303','0','T'),
('2',NULL,'????? 129','0','0','0','0','0','74324','0','T'),
('2',NULL,'???? ???  ???? ??? ?????','0','0','0','0','0','409027','0','T'),
('2',NULL,'?? ?? ??? ????','0','0','0','0','0','35','0','T'),
('3',NULL,'????? ??? ?????','5','0','0','0','0','531838','0','T'),
('3',NULL,'???? ??? ??? ?????','5','0','0','0','0','542854','0','T'),
('3',NULL,'???? ??? ?????','5','0','0','0','0','309127','0','T'),
('3',NULL,'??????? ?????','5','0','0','0','0','155599','0','T'),
('3',NULL,'????? ??? ?????','5','0','0','0','0','123134','0','T'),
('3',NULL,'???? ??? ?????','5','0','0','0','0','124549','0','T'),
('3',NULL,'???? ??? ??? ?????','5','0','0','0','0','333106','0','T'),
('3',NULL,'??? ????? ??? ?????','5','0','0','0','0','396106','0','T'),
('3',NULL,'????? ??? ?????','5','0','0','0','0','0','0','T'),
('3',NULL,'???? ??? ?????','5','0','0','0','0','9273','0','T'),
('3',NULL,'???? ??? ?????','0','0','0','0','0','2988','0','T'),
('3',NULL,'???? ???? ??? ?????','0','0','0','0','0','75758','0','T'),
('3',NULL,'???? ??? ?????','0','0','0','0','0','3660','0','T'),
('3',NULL,'??? ??? ??? ?????','0','0','0','0','0','6172','0','T'),
('4',NULL,'???? ??? ?????','0','0','0','0','0','403083','0','T'),
('4',NULL,'??? ?????','0','0','0','0','0','0','0','T'),
('4',NULL,'??????? ?????','0','0','0','0','0','51181','0','T'),
('4',NULL,'???? ?????','0','0','0','0','0','92056','0','T'),
('4',NULL,'????? ????','0','0','0','0','0','121798','0','T'),
('4',NULL,'???? ???? ????','0','0','0','0','0','93016','0','T'),
('4',NULL,'???? ???? ????','0','0','0','0','0','173451','0','T'),
('4',NULL,'???? ??? ???? ????','0','0','0','0','0','394946','0','T'),
('4',NULL,'???????? ????','0','0','0','0','0','182157','0','T'),
('4',NULL,'???????  ??? ????','0','0','0','0','0','0','0','T'),
('4',NULL,'??? ??? ????','0','0','0','0','0','30','0','T'),
('4',NULL,'???? ???????','0','0','0','0','0','18590','0','T'),
('4',NULL,'???? ??????','0','0','0','0','0','11461','0','T'),
('4',NULL,'???? ????','0','0','0','0','0','115988','0','T'),
('4',NULL,'???? ??? ????','0','0','0','0','0','40618','0','T'),
('4',NULL,'???? ???????','0','0','0','0','0','-182','0','T'),
('4',NULL,'???? ???? ???? ????','0','0','0','0','0','136076','0','T'),
('4',NULL,'???? ??????','0','0','0','0','0','147093','0','T'),
('4',NULL,'???? ????? ???','0','0','0','0','0','3580','0','T'),
('4',NULL,'??? ??????','0','0','0','0','0','0','0','T'),
('4',NULL,'???? ?????','0','0','0','0','0','22112','0','T'),
('4',NULL,'?????????','0','0','0','0','0','359899','0','T'),
('4',NULL,'????? ???? ????????','0','0','0','0','0','140143','0','T'),
('4',NULL,'???? ????? ???','0','0','0','0','0','23516','0','T'),
('4',NULL,'????????????','0','0','0','0','0','0','0','T'),
('4',NULL,'????? ???????','0','0','0','0','0','0','0','T'),
('4',NULL,'???????????','0','0','0','0','0','203023','0','T'),
('4',NULL,'????????','0','0','0','0','0','96546','0','T'),
('4',NULL,'?????????','0','0','0','0','0','0','0','T'),
('4',NULL,'????????','0','0','0','0','0','45350','0','T'),
('4',NULL,'???? ????','0','0','0','0','0','155280','0','T'),
('4',NULL,'????? ????','0','0','0','0','0','40219','0','T'),
('4',NULL,'?????????','0','0','0','0','0','22962','0','T'),
('4',NULL,'???? ???????','0','0','0','0','0','59848','0','T'),
('4',NULL,'?????  ????','0','0','0','0','0','30546','0','T'),
('4',NULL,'???? ????','0','0','0','0','0','8092','0','T'),
('4',NULL,'?????  ??? ????','0','0','0','0','0','3572','0','T'),
('4',NULL,'???? ??? ????','0','0','0','0','0','0','0','T'),
('4',NULL,'????? ????','0','0','0','0','0','6786','0','T'),
('4',NULL,'???? ???????','0','0','0','0','0','13166','0','T'),
('4',NULL,'????? ???','0','0','0','0','0','9290','0','T'),
('4',NULL,'????? ???????','0','0','0','0','0','0','0','T'),
('4',NULL,'???? ????','0','0','0','0','0','3592','0','T'),
('4',NULL,'?????? ?????','0','0','0','0','0','48523','0','T'),
('5',NULL,'???? ????','3','3625','10875','0','8628','1905514','8628','T'),
('5',NULL,'?????? 2 ????????','3','3222','9666','0','7317','1424934','0','T'),
('5',NULL,'???? ???? ????????','3','636','1908','0','2244','264192','0','T'),
('5',NULL,'???? ???? ????????','3','0','0','0','132','21623','0','T'),
('5',NULL,'??????? ??? ????????','5','669','3345','0','5040','1149730','0','T'),
('5',NULL,'????????? ????????','3','5060','15180','0','14232','1261342','0','T'),
('5',NULL,'????????????????','3','719','2157','0','2370','251314','0','T'),
('5',NULL,'????????? ???','3','2108','6324','0','7773','1373639','0','T'),
('5',NULL,'???? ??? ????????','3','574','1722','0','2106','66276','0','T'),
('5',NULL,'?????? ???','3','935','2805','0','1464','585842','0','T'),
('5',NULL,'????????? ????????','3','2250','6750','0','6981','1170288','0','T'),
('5',NULL,'???? ????? ???','3','1140','3420','0','2550','240640','0','T'),
('5',NULL,'???? ?????','3','0','0','0','0','0','0','T'),
('5',NULL,'???? ??? ????????','3','0','0','0','0','13391','0','T'),
('5',NULL,'?? ?? ????? 2','3','1370','4110','0','3474','103344','0','T'),
('5',NULL,'???? ?????','3','0','0','0','0','158256','0','T'),
('5',NULL,'???? ??? ????????','3','364','1092','0','3468','102257','0','T'),
('5',NULL,'???? ??? ????????','3','0','0','0','0','4874','0','T'),
('5',NULL,'?????? ?????','3','0','0','0','0','45568','0','T'),
('5',NULL,'???? ??? ????????','6','0','0','0','0','6803','0','T'),
('6',NULL,'?????? ???','3','0','0','0','4269','590075','0','T'),
('6',NULL,'????????? ????????','3','0','0','0','13731','1189684','0','T'),
('6',NULL,'???? ????? ???','3','0','0','0','5970','249928','0','T'),
('6',NULL,'???? ?????','3','0','0','0','0','0','0','T'),
('6',NULL,'???? ??? ????????','3','0','0','0','0','13391','0','T'),
('6',NULL,'?? ?? ????? 2','3','0','0','0','7584','115744','0','T'),
('6',NULL,'???? ?????','3','0','0','0','0','125352','0','T'),
('6',NULL,'???? ??? ????????','3','0','0','0','4560','99482','0','T'),
('6',NULL,'???? ??? ????????','3','0','0','0','0','4874','0','T'),
('6',NULL,'?????? ?????','3','0','0','0','0','46736','0','T'),
('6',NULL,'???? ??? ????????','6','0','0','0','0','28088','0','T'),
('6',NULL,'???? ????','3','0','0','0','19503','1835848','0','T'),
('6',NULL,'?????? 2 ????????','3','0','0','0','16983','1406792','0','T'),
('6',NULL,'???? ???? ????????','3','0','0','0','4152','262224','0','T'),
('6',NULL,'???? ???? ????????','3','0','0','0','132','21196','0','T'),
('6',NULL,'??????? ??? ????????','5','0','0','0','8385','1150709','0','T'),
('6',NULL,'????????? ????????','3','0','0','0','29412','1403986','0','T'),
('6',NULL,'????????????????','3','0','0','0','4527','258438','0','T'),
('6',NULL,'????????? ???','3','0','0','0','14097','1522751','0','T'),
('6',NULL,'???? ??? ????????','3','0','0','0','3828','85026','0','T'); 


DROP TABLE IF EXISTS `tbl_sms_setting`;
CREATE TABLE `tbl_sms_setting` (
  `rno` int(11) DEFAULT NULL,
  `opening` varchar(255) DEFAULT NULL,
  `set_1` varchar(255) DEFAULT NULL,
  `set_2` varchar(255) DEFAULT NULL,
  `set_3` varchar(255) DEFAULT NULL,
  `set_4` varchar(255) DEFAULT NULL,
  `set_5` varchar(255) DEFAULT NULL,
  `set_6` varchar(255) DEFAULT NULL,
  `set_7` varchar(255) DEFAULT NULL,
  `set_8` varchar(255) DEFAULT NULL,
  `trial245` char(1) DEFAULT NULL
) ENGINE=InnoDB DEFAULT CHARSET=latin1 COMMENT='TRIAL';

INSERT INTO `tbl_sms_setting` VALUES ('101','AOA','APKA Sabqa Balance','Ab ap ny','kg lia hai jis ka rate','Amount','Jo raqam jama krwai','Net Balance',NULL,NULL,'T'); 


DROP TABLE IF EXISTS `tbl_userlogin`;
CREATE TABLE `tbl_userlogin` (
  `id` int(11) NOT NULL AUTO_INCREMENT,
  `uname` varchar(255) DEFAULT NULL,
  `loginat` datetime DEFAULT CURRENT_TIMESTAMP,
  `trial248` char(1) DEFAULT NULL,
  PRIMARY KEY (`id`)
) ENGINE=InnoDB DEFAULT CHARSET=latin1 COMMENT='TRIAL';



DROP TABLE IF EXISTS `user`;
CREATE TABLE `user` (
  `id` int(11) NOT NULL AUTO_INCREMENT,
  `email` varchar(255) NOT NULL,
  `password` varchar(2048) NOT NULL,
  `name` varchar(255) NOT NULL,
  `country` varchar(255) NOT NULL,
  `u_type` tinyint(1) NOT NULL DEFAULT '0',
  `created_at` timestamp NOT NULL DEFAULT CURRENT_TIMESTAMP,
  `active` tinyint(1) NOT NULL DEFAULT '0',
  `position` varchar(255) NOT NULL,
  PRIMARY KEY (`id`),
  UNIQUE KEY `email` (`email`)
) ENGINE=InnoDB AUTO_INCREMENT=2 DEFAULT CHARSET=latin1;

INSERT INTO `user` VALUES ('1','admin','admin','wasif','Pakistan','0','2021-04-17 00:32:40','0',''); 


